<addon id="script.local-resume" version="1.0.3" name="Local Resume" provider-name="ChatGPDeta">
    <requires>
        <import addon="xbmc.python" version="3.0.0"/>
    </requires>
    <extension point="xbmc.service" library="service.py">
        <provides>service</provides>
	</extension>
    <extension point="xbmc.addon.metadata">
        <summary>Create local resume points for streamed media</summary>
        <description>An addon that creates local resume points for certain streamed media.</description>
        <platform>all</platform>
        <assets>
            <icon>icon.png</icon>            
        </assets>
    </extension>
</addon>
