<shortcuts>
	<shortcut>
		<defaultID>137</defaultID>
		<label>137</label>
		<label2>Search</label2>
		<icon>shortcuts/search.png</icon>
		<thumb />
		<action>ActivateWindow(1109,return)</action>
		</shortcut>
	<shortcut>
		<defaultID>10000</defaultID>
		<label>10000</label>
		<label2>Home</label2>
		<icon>shortcuts/home.png</icon>
		<thumb />
		<action>ActivateWindow(home,return)</action>
		</shortcut>
	<shortcut>
		<defaultID>31625</defaultID>
		<label>$SKIN[31625|skin.bingie.fen.light.mod|New &amp; Popular]</label>
		<label2>New &amp; Popular</label2>
		<icon>shortcuts/new.png</icon>
		<thumb />
		<action>ActivateWindow(1112,return)</action>
		</shortcut>
	<shortcut>
		<defaultID>movies</defaultID>
		<label>Films</label>
		<label2>Movies</label2>
		<icon>shortcuts/clapperboard.png</icon>
		<thumb />
		<action>ActivateWindow(1111,return)</action>
		</shortcut>
	<shortcut>
		<defaultID>shows</defaultID>
		<label>TV</label>
		<label2>Shows</label2>
		<icon>shortcuts/tv.png</icon>
		<thumb />
		<action>ActivateWindow(1110,return)</action>
		</shortcut>
	<shortcut>
		<defaultID>31252</defaultID>
		<label>Animation</label>
		<label2>Custom item</label2>
		<icon>special://home/addons/resource.images.skinicons.wide/resources/edit.png</icon>
		<thumb>special://profile/addon_data/skin.bingie.fen.light.mod/custom_images/CustomBackgroundSetting20250508172629.png</thumb>
		<action>ActivateWindow(1113,return)</action>
		</shortcut>
	<shortcut>
		<defaultID>music</defaultID>
		<label>Wrestling</label>
		<label2>Custom item</label2>
		<icon>shortcuts/music.png</icon>
		<thumb>special://profile/addon_data/skin.bingie.fen.light.mod/custom_images/CustomBackgroundSetting20250508172639.png</thumb>
		<action>ActivateWindow(1120,return)</action>
		</shortcut>
	<shortcut>
		<defaultID>31025</defaultID>
		<label>Pick a Genre</label>
		<label2>Categories</label2>
		<icon>shortcuts/categories.png</icon>
		<thumb />
		<action>ActivateWindow(1119,return)</action>
		</shortcut>
	<shortcut>
		<defaultID>31534</defaultID>
		<label>$SKIN[31534|skin.bingie.fen.light.mod|My list]</label>
		<label2>My list</label2>
		<icon>shortcuts/mylist.png</icon>
		<thumb />
		<action>ActivateWindow(1114,return)</action>
		<disabled>True</disabled>
		</shortcut>
	</shortcuts>
