<?xml version="1.0" encoding="utf-8"?>
<window>
    <defaultcontrol always="true">1297</defaultcontrol>
    <controls>
		<control type="image">
            <texture background="true" colordiffuse="black">diffuse/panel2.png</texture>
        </control> 

        <control type="list" id="1297">
            <content sortby="random">$VAR[ScreensaverWidget]</content>
            <autoscroll time="10000">true</autoscroll>
            <orientation>horizontal</orientation>
            <itemlayout />
            <focusedlayout />
        </control>

        <control type="image">
			<visible>!Container(1297).IsUpdating</visible>
            <fadetime>1000</fadetime>
            <width>2160</width>
            <height>1215</height>
            <texture background="true">$INFO[ListItem.Art(fanart)]</texture>           
            <animation effect="slide" start="-240,0" end="0,0" time="10000" tween="linear" pulse="true" condition="!Container(1297).IsUpdating">Conditional</animation>
        </control>

        <control type="group">
            <visible>Container(1297).IsUpdating</visible>
            <include>Busy_Spinner</include>
        </control>
		
		<control type="image">
			<visible>!Container(1297).IsUpdating</visible>
            <width>1920</width>
            <height>1080</height>
            <texture background="true">overlays/gradient_screensaver.png</texture>           
        </control>
				
        <control type="image">
			<visible>!Container(1297).IsUpdating</visible>
            <left>60</left>
            <bottom>60</bottom>
            <aspectratio align="left" aligny="center">keep</aspectratio>
            <height>310</height>
			<width>800</width>
            <fadetime>1000</fadetime>
            <texture background="true">$INFO[ListItem.Art(clearlogo)]</texture>
        </control>			

		<control type="image">
			<visible>!Container(1297).IsUpdating</visible>
			<visible>!Skin.HasSetting(DisableBingieLogo)</visible>
			<description>Bingie logo</description>
			<right>321</right>
			<bottom>12</bottom>
			<width>0</width>
			<height>165</height>
			<align>right</align>
			<aspectratio align="right">keep</aspectratio>
			<texture>home/bingie_logo.png</texture>
			<fadetime>1000</fadetime>
			<animation effect="slide" start="1,-1" end="0,0" time="60000" tween="linear" pulse="true" condition="!Container(1297).IsUpdating">Conditional</animation>
		</control>
		
		<control type="image" id="1298">
            <fadetime>1000</fadetime>
            <width>1</width>
            <height>1</height>
            <top>-1000</top>
            <left>-1000</left>
            <texture />
        </control>
		
		<!-- Snow Effect -->
        <control type="group">
            <include condition="String.IsEqual(Skin.String(season_greetings),snow_animation)">snow</include>
        </control>
		<!-- Halloween Effect -->
        <control type="group">
            <include condition="String.IsEqual(Skin.String(season_greetings),halloween_animation)">pumpkin</include>
        </control>

    </controls>
</window>
