<includes>
	<include name="skinshortcuts-mainmenu">
		<item id="1">
			<property name="id">$NUMBER[1]</property>
			<label>$LOCALIZE[137]</label>
			<label2>Search</label2>
			<icon>shortcuts/search.png</icon>
			<thumb />
			<property name="labelID">137</property>
			<property name="defaultID">137</property>
			<onclick>ActivateWindow(1109,return)</onclick>
			<property name="path">ActivateWindow(1109,return)</property>
			<property name="list">1109</property>
			<onclick>SetProperty(flushWidgetProps,1,Home)</onclick>
			<onclick condition="$EXP[IsKnownMenuEntryPath]">ClearProperty(ShowViewSubMenu,Home)</onclick>
			<onclick condition="$EXP[IsKnownMenuEntryPath]">SetFocus($VAR[MenuEntryOverrideFocus])</onclick>
			<visible>String.IsEqual(System.ProfileName,Deta)</visible>
			<property name="submenuVisibility">num-137</property>
			<property name="group">mainmenu</property>
			<property name="hasSubmenu">False</property>
			</item>
		<item id="2">
			<property name="id">$NUMBER[2]</property>
			<label>$LOCALIZE[10000]</label>
			<label2>Home</label2>
			<icon>shortcuts/home.png</icon>
			<thumb />
			<property name="labelID">10000</property>
			<property name="defaultID">10000</property>
			<property name="widget">Addon</property>
			<property name="widgetTarget">videos</property>
			<property name="widgetType">mixed</property>
			<property name="widgetPath">plugin://plugin.video.fenlight/?name=In+Progress&amp;iconImage=https%3A%2F%2Fi.imgur.com%2FD0nCsqI.png&amp;mode=build_movie_list&amp;action=in_progress_movies&amp;reload=$INFO[Window(Home).Property(widgetreload-movies)]</property>
			<property name="widgetName">Continue Watching Films</property>
			<property name="widget.1">Addon</property>
			<property name="widgetName.1">Continue Watching TV</property>
			<property name="widgetType.1">videos</property>
			<property name="widgetTarget.1">videos</property>
			<property name="widgetPath.1">plugin://plugin.video.fenlight/?name=In+Progress&amp;action=in_progress_tvshows&amp;iconImage=https%3A%2F%2Fi.imgur.com%2FBfGbQXx.png&amp;mode=build_tvshow_list&amp;reload=$INFO[Window(Home).Property(widgetreload-episodes)]</property>
			<property name="widgetSortBy.1.name">None</property>
			<property name="widgetSortBy.1Name">None</property>
			<property name="widgetSortOrder.1.name">ascending</property>
			<property name="widgetSortOrder.1Name">descending</property>
			<property name="widget.2">Addon</property>
			<property name="widgetName.2">Next Episodes</property>
			<property name="widgetType.2">episodes</property>
			<property name="widgetTarget.2">videos</property>
			<property name="widgetPath.2">plugin://plugin.video.fenlight/?name=Next+Episodes&amp;iconImage=https%3A%2F%2Fi.imgur.com%2F0KFvjKR.png&amp;mode=build_next_episode&amp;reload=$INFO[Window(Home).Property(widgetreload-episodes)]</property>
			<property name="widget.3">Addon</property>
			<property name="widgetName.3">In Progress Episodes</property>
			<property name="widgetType.3">mixed</property>
			<property name="widgetTarget.3">videos</property>
			<property name="widgetPath.3">plugin://plugin.video.fenlight/?name=In+Progress+Episodes&amp;iconImage=https%3A%2F%2Fi.imgur.com%2FD0nCsqI.png&amp;mode=build_in_progress_episode&amp;reload=$INFO[Window(Home).Property(widgetreload-episodes)]</property>
			<property name="widget.4">Addon</property>
			<property name="widgetName.4">Film Watchlist</property>
			<property name="widgetType.4">movies</property>
			<property name="widgetTarget.4">videos</property>
			<property name="widgetPath.4">plugin://plugin.video.fenlight/?mode=build_movie_list&amp;action=trakt_watchlist&amp;category_name=Movies+Watchlist&amp;iconImage=https%3A%2F%2Fi.imgur.com%2FsGq3ifV.png&amp;reload=$INFO[Window(Home).Property(widgetreload-movies)]</property>
			<property name="widgetName.name">Continue Watching Films</property>
			<property name="widgetNameName">Continue Watching Films</property>
			<property name="widgetName.1.name">Continue Watching TV</property>
			<property name="widgetName.1Name">Continue Watching TV</property>
			<property name="widgetName.2.name">Next Episodes</property>
			<property name="widgetName.2Name">Next Episodes</property>
			<property name="widgetName.3.name">In Progress Episodes</property>
			<property name="widgetName.3Name">In Progress Episodes</property>
			<property name="widgetName.4.name">Film Watchlist</property>
			<property name="widgetName.4Name">Film Watchlist</property>
			<property name="widget.5">Addon</property>
			<property name="widgetName.5">TV Watchlist</property>
			<property name="widgetType.5">videos</property>
			<property name="widgetTarget.5">videos</property>
			<property name="widgetPath.5">plugin://plugin.video.fenlight/?mode=build_tvshow_list&amp;action=trakt_watchlist&amp;category_name=TV+Shows+Watchlist&amp;iconImage=https%3A%2F%2Fi.imgur.com%2FsGq3ifV.png&amp;reload=$INFO[Window(Home).Property(widgetreload-episodes)]</property>
			<property name="widgetName.5.name">TV Watchlist</property>
			<property name="widgetName.5Name">TV Watchlist</property>
			<property name="widgetSortBy.name">None</property>
			<property name="widgetSortByName">None</property>
			<property name="widgetSortOrder.name">ascending</property>
			<property name="widgetSortOrderName">descending</property>
			<property name="hub.widgetName.1" />
			<property name="hub.widgetName.2" />
			<property name="hub.widgetName.3" />
			<property name="hub.widgetName.4" />
			<onclick>ActivateWindow(home,return)</onclick>
			<property name="path">ActivateWindow(home,return)</property>
			<property name="list">home</property>
			<onclick>SetProperty(flushWidgetProps,1,Home)</onclick>
			<onclick condition="$EXP[IsKnownMenuEntryPath]">ClearProperty(ShowViewSubMenu,Home)</onclick>
			<onclick condition="$EXP[IsKnownMenuEntryPath]">SetFocus($VAR[MenuEntryOverrideFocus])</onclick>
			<visible>String.IsEqual(System.ProfileName,Deta)</visible>
			<property name="submenuVisibility">num-10000</property>
			<property name="group">mainmenu</property>
			<property name="hasSubmenu">False</property>
			</item>
		<item id="3">
			<property name="id">$NUMBER[3]</property>
			<label>$LOCALIZE[31625]</label>
			<label2>New &amp; Popular</label2>
			<icon>shortcuts/new.png</icon>
			<thumb />
			<property name="labelID">31625</property>
			<property name="defaultID">31625</property>
			<onclick>ActivateWindow(1112,return)</onclick>
			<property name="path">ActivateWindow(1112,return)</property>
			<property name="list">1112</property>
			<onclick>SetProperty(flushWidgetProps,1,Home)</onclick>
			<onclick condition="$EXP[IsKnownMenuEntryPath]">ClearProperty(ShowViewSubMenu,Home)</onclick>
			<onclick condition="$EXP[IsKnownMenuEntryPath]">SetFocus($VAR[MenuEntryOverrideFocus])</onclick>
			<visible>String.IsEqual(System.ProfileName,Deta)</visible>
			<property name="submenuVisibility">num-31625</property>
			<property name="group">mainmenu</property>
			<property name="hasSubmenu">False</property>
			</item>
		<item id="4">
			<property name="id">$NUMBER[4]</property>
			<label>Films</label>
			<label2>Movies</label2>
			<icon>shortcuts/clapperboard.png</icon>
			<thumb />
			<property name="labelID">films</property>
			<property name="defaultID">movies</property>
			<onclick>ActivateWindow(1111,return)</onclick>
			<property name="path">ActivateWindow(1111,return)</property>
			<property name="list">1111</property>
			<onclick>SetProperty(flushWidgetProps,1,Home)</onclick>
			<onclick condition="$EXP[IsKnownMenuEntryPath]">ClearProperty(ShowViewSubMenu,Home)</onclick>
			<onclick condition="$EXP[IsKnownMenuEntryPath]">SetFocus($VAR[MenuEntryOverrideFocus])</onclick>
			<visible>String.IsEqual(System.ProfileName,Deta)</visible>
			<property name="submenuVisibility">films</property>
			<property name="group">mainmenu</property>
			<property name="hasSubmenu">True</property>
			</item>
		<item id="5">
			<property name="id">$NUMBER[5]</property>
			<label>TV</label>
			<label2>Shows</label2>
			<icon>shortcuts/tv.png</icon>
			<thumb />
			<property name="labelID">tv</property>
			<property name="defaultID">shows</property>
			<onclick>ActivateWindow(1110,return)</onclick>
			<property name="path">ActivateWindow(1110,return)</property>
			<property name="list">1110</property>
			<onclick>SetProperty(flushWidgetProps,1,Home)</onclick>
			<onclick condition="$EXP[IsKnownMenuEntryPath]">ClearProperty(ShowViewSubMenu,Home)</onclick>
			<onclick condition="$EXP[IsKnownMenuEntryPath]">SetFocus($VAR[MenuEntryOverrideFocus])</onclick>
			<visible>String.IsEqual(System.ProfileName,Deta)</visible>
			<property name="submenuVisibility">tv</property>
			<property name="group">mainmenu</property>
			<property name="hasSubmenu">True</property>
			</item>
		<item id="6">
			<property name="id">$NUMBER[6]</property>
			<label>Animation</label>
			<label2>Custom item</label2>
			<icon>special://home/addons/resource.images.skinicons.wide/resources/edit.png</icon>
			<thumb>special://profile/addon_data/skin.bingie.fen.light.mod/custom_images/CustomBackgroundSetting20250508172629.png</thumb>
			<property name="labelID">animation</property>
			<property name="defaultID">31252</property>
			<property name="translatedPath">ActivateWindow(1113,return)</property>
			<property name="thumb.name">Custom single image</property>
			<property name="thumbName">Custom single image</property>
			<onclick>ActivateWindow(1113,return)</onclick>
			<property name="path">ActivateWindow(1113,return)</property>
			<property name="list">1113</property>
			<onclick>SetProperty(flushWidgetProps,1,Home)</onclick>
			<onclick condition="$EXP[IsKnownMenuEntryPath]">ClearProperty(ShowViewSubMenu,Home)</onclick>
			<onclick condition="$EXP[IsKnownMenuEntryPath]">SetFocus($VAR[MenuEntryOverrideFocus])</onclick>
			<visible>String.IsEqual(System.ProfileName,Deta)</visible>
			<property name="submenuVisibility">animation</property>
			<property name="group">mainmenu</property>
			<property name="hasSubmenu">False</property>
			</item>
		<item id="7">
			<property name="id">$NUMBER[7]</property>
			<label>Wrestling</label>
			<label2>Custom item</label2>
			<icon>shortcuts/music.png</icon>
			<thumb>special://profile/addon_data/skin.bingie.fen.light.mod/custom_images/CustomBackgroundSetting20250508172639.png</thumb>
			<property name="labelID">wrestling</property>
			<property name="defaultID">music</property>
			<property name="translatedPath">ActivateWindow(1120,return)</property>
			<property name="thumb.name">Custom single image</property>
			<property name="thumbName">Custom single image</property>
			<onclick>ActivateWindow(1120,return)</onclick>
			<property name="path">ActivateWindow(1120,return)</property>
			<property name="list">1120</property>
			<onclick>SetProperty(flushWidgetProps,1,Home)</onclick>
			<onclick condition="$EXP[IsKnownMenuEntryPath]">ClearProperty(ShowViewSubMenu,Home)</onclick>
			<onclick condition="$EXP[IsKnownMenuEntryPath]">SetFocus($VAR[MenuEntryOverrideFocus])</onclick>
			<visible>String.IsEqual(System.ProfileName,Deta)</visible>
			<property name="submenuVisibility">wrestling</property>
			<property name="group">mainmenu</property>
			<property name="hasSubmenu">False</property>
			</item>
		<item id="8">
			<property name="id">$NUMBER[8]</property>
			<label>Pick a Genre</label>
			<label2>Categories</label2>
			<icon>shortcuts/categories.png</icon>
			<thumb />
			<property name="labelID">pickagenre</property>
			<property name="defaultID">31025</property>
			<onclick>ActivateWindow(1119,return)</onclick>
			<property name="path">ActivateWindow(1119,return)</property>
			<property name="list">1119</property>
			<onclick>SetProperty(flushWidgetProps,1,Home)</onclick>
			<onclick condition="$EXP[IsKnownMenuEntryPath]">ClearProperty(ShowViewSubMenu,Home)</onclick>
			<onclick condition="$EXP[IsKnownMenuEntryPath]">SetFocus($VAR[MenuEntryOverrideFocus])</onclick>
			<visible>String.IsEqual(System.ProfileName,Deta)</visible>
			<property name="submenuVisibility">pickagenre</property>
			<property name="group">mainmenu</property>
			<property name="hasSubmenu">False</property>
			</item>
		<item id="9">
			<property name="id">$NUMBER[9]</property>
			<label>$LOCALIZE[31534]</label>
			<label2>My list</label2>
			<icon>shortcuts/mylist.png</icon>
			<thumb />
			<property name="labelID">31534</property>
			<property name="defaultID">31534</property>
			<visible>False</visible>
			<onclick>noop</onclick>
			<property name="hasSubmenu">False</property>
			</item>
		</include>
	<include />
	<include name="skinshortcuts-submenu">
		<item id="1">
			<property name="id">$NUMBER[1]</property>
			<property name="mainmenuid">4</property>
			<label>$LOCALIZE[31050]</label>
			<label2>Movies</label2>
			<icon>DefaultShortcut.png</icon>
			<thumb />
			<property name="labelID">31050</property>
			<property name="defaultID">135</property>
			<visible>[[Library.HasContent(Movies)] + [Library.HasContent(Movies) | Library.HasContent(TVShows)]] + String.IsEqual(Container(900).ListItem.Property(submenuVisibility),films)</visible>
			<onclick>ActivateWindow(Videos,videodb://movies/titles/,return)</onclick>
			<property name="path">ActivateWindow(Videos,videodb://movies/titles/,return)</property>
			<property name="list">videodb://movies/titles/</property>
			<visible>String.IsEqual(System.ProfileName,Deta)</visible>
			<property name="group">films</property>
			<property name="isSubmenu">True</property>
			</item>
		<item id="2">
			<property name="id">$NUMBER[2]</property>
			<property name="mainmenuid">4</property>
			<label>$LOCALIZE[20382]</label>
			<label2>Movies</label2>
			<icon>DefaultShortcut.png</icon>
			<thumb />
			<property name="labelID">20382</property>
			<property name="defaultID">135</property>
			<visible>[Library.HasContent(Movies) | Library.HasContent(TVShows)] + String.IsEqual(Container(900).ListItem.Property(submenuVisibility),films)</visible>
			<onclick>ActivateWindow(Videos,videodb://recentlyaddedmovies/,return)</onclick>
			<property name="path">ActivateWindow(Videos,videodb://recentlyaddedmovies/,return)</property>
			<property name="list">videodb://recentlyaddedmovies/</property>
			<visible>String.IsEqual(System.ProfileName,Deta)</visible>
			<property name="group">films</property>
			<property name="isSubmenu">True</property>
			</item>
		<item id="3">
			<property name="id">$NUMBER[3]</property>
			<property name="mainmenuid">4</property>
			<label>$LOCALIZE[31035]</label>
			<label2>Movies</label2>
			<icon>DefaultShortcut.png</icon>
			<thumb />
			<property name="labelID">31035</property>
			<property name="defaultID">135</property>
			<visible>[Library.HasContent(Movies) | Library.HasContent(TVShows)] + String.IsEqual(Container(900).ListItem.Property(submenuVisibility),films)</visible>
			<onclick>ActivateWindow(Videos,/storage/emulated/0/Android/data/org.xbmc.kodi/files/.kodi/addons/skin.bingie.fen.light.mod/extras/widgetplaylists/inprogressmovies.xsp,return)</onclick>
			<property name="path">ActivateWindow(Videos,/storage/emulated/0/Android/data/org.xbmc.kodi/files/.kodi/addons/skin.bingie.fen.light.mod/extras/widgetplaylists/inprogressmovies.xsp,return)</property>
			<property name="list">/storage/emulated/0/Android/data/org.xbmc.kodi/files/.kodi/addons/skin.bingie.fen.light.mod/extras/widgetplaylists/inprogressmovies.xsp</property>
			<visible>String.IsEqual(System.ProfileName,Deta)</visible>
			<property name="group">films</property>
			<property name="isSubmenu">True</property>
			</item>
		<item id="4">
			<property name="id">$NUMBER[4]</property>
			<property name="mainmenuid">4</property>
			<label>$LOCALIZE[16101]</label>
			<label2>Movies</label2>
			<icon>DefaultShortcut.png</icon>
			<thumb />
			<property name="labelID">16101</property>
			<property name="defaultID">135</property>
			<visible>[Library.HasContent(Movies) | Library.HasContent(TVShows)] + String.IsEqual(Container(900).ListItem.Property(submenuVisibility),films)</visible>
			<onclick>ActivateWindow(Videos,/storage/emulated/0/Android/data/org.xbmc.kodi/files/.kodi/addons/skin.bingie.fen.light.mod/extras/widgetplaylists/unwatchedmovies.xsp,return)</onclick>
			<property name="path">ActivateWindow(Videos,/storage/emulated/0/Android/data/org.xbmc.kodi/files/.kodi/addons/skin.bingie.fen.light.mod/extras/widgetplaylists/unwatchedmovies.xsp,return)</property>
			<property name="list">/storage/emulated/0/Android/data/org.xbmc.kodi/files/.kodi/addons/skin.bingie.fen.light.mod/extras/widgetplaylists/unwatchedmovies.xsp</property>
			<visible>String.IsEqual(System.ProfileName,Deta)</visible>
			<property name="group">films</property>
			<property name="isSubmenu">True</property>
			</item>
		<item id="5">
			<property name="id">$NUMBER[5]</property>
			<property name="mainmenuid">4</property>
			<label>$LOCALIZE[135]</label>
			<label2>Movies</label2>
			<icon>DefaultShortcut.png</icon>
			<thumb />
			<property name="labelID">135</property>
			<property name="defaultID">135</property>
			<visible>[[Library.HasContent(Movies)] + [Library.HasContent(Movies) | Library.HasContent(TVShows)]] + String.IsEqual(Container(900).ListItem.Property(submenuVisibility),films)</visible>
			<onclick>ActivateWindow(Videos,videodb://movies/genres/,return)</onclick>
			<property name="path">ActivateWindow(Videos,videodb://movies/genres/,return)</property>
			<property name="list">videodb://movies/genres/</property>
			<visible>String.IsEqual(System.ProfileName,Deta)</visible>
			<property name="group">films</property>
			<property name="isSubmenu">True</property>
			</item>
		<item id="6">
			<property name="id">$NUMBER[6]</property>
			<property name="mainmenuid">4</property>
			<label>$LOCALIZE[20434]</label>
			<label2>Movies</label2>
			<icon>DefaultShortcut.png</icon>
			<thumb />
			<property name="labelID">20434</property>
			<property name="defaultID">135</property>
			<visible>[[Library.HasContent(MovieSets)] + [Library.HasContent(Movies) | Library.HasContent(TVShows)]] + String.IsEqual(Container(900).ListItem.Property(submenuVisibility),films)</visible>
			<onclick>ActivateWindow(Videos,videodb://movies/sets/,return)</onclick>
			<property name="path">ActivateWindow(Videos,videodb://movies/sets/,return)</property>
			<property name="list">videodb://movies/sets/</property>
			<visible>String.IsEqual(System.ProfileName,Deta)</visible>
			<property name="group">films</property>
			<property name="isSubmenu">True</property>
			</item>
		<item id="1">
			<property name="id">$NUMBER[1]</property>
			<property name="mainmenuid">5</property>
			<label>$LOCALIZE[31051]</label>
			<label2>Shows</label2>
			<icon>DefaultShortcut.png</icon>
			<thumb />
			<property name="labelID">31051</property>
			<property name="defaultID">369</property>
			<visible>[[Library.HasContent(TVShows)] + [Library.HasContent(Movies) | Library.HasContent(TVShows)]] + String.IsEqual(Container(900).ListItem.Property(submenuVisibility),tv)</visible>
			<onclick>ActivateWindow(Videos,videodb://tvshows/titles/,return)</onclick>
			<property name="path">ActivateWindow(Videos,videodb://tvshows/titles/,return)</property>
			<property name="list">videodb://tvshows/titles/</property>
			<visible>String.IsEqual(System.ProfileName,Deta)</visible>
			<property name="group">tv</property>
			<property name="isSubmenu">True</property>
			</item>
		<item id="2">
			<property name="id">$NUMBER[2]</property>
			<property name="mainmenuid">5</property>
			<label>$LOCALIZE[31101]</label>
			<label2>Shows</label2>
			<icon>DefaultShortcut.png</icon>
			<thumb />
			<property name="labelID">31101</property>
			<property name="defaultID">369</property>
			<visible>[Library.HasContent(Movies) | Library.HasContent(TVShows)] + String.IsEqual(Container(900).ListItem.Property(submenuVisibility),tv)</visible>
			<onclick>ActivateWindow(Videos,/storage/emulated/0/Android/data/org.xbmc.kodi/files/.kodi/addons/skin.bingie.fen.light.mod/extras/widgetplaylists/recentlyaddedtvshows.xsp,return)</onclick>
			<property name="path">ActivateWindow(Videos,/storage/emulated/0/Android/data/org.xbmc.kodi/files/.kodi/addons/skin.bingie.fen.light.mod/extras/widgetplaylists/recentlyaddedtvshows.xsp,return)</property>
			<property name="list">/storage/emulated/0/Android/data/org.xbmc.kodi/files/.kodi/addons/skin.bingie.fen.light.mod/extras/widgetplaylists/recentlyaddedtvshows.xsp</property>
			<visible>String.IsEqual(System.ProfileName,Deta)</visible>
			<property name="group">tv</property>
			<property name="isSubmenu">True</property>
			</item>
		<item id="3">
			<property name="id">$NUMBER[3]</property>
			<property name="mainmenuid">5</property>
			<label>$LOCALIZE[20387]</label>
			<label2>Shows</label2>
			<icon>DefaultShortcut.png</icon>
			<thumb />
			<property name="labelID">20387</property>
			<property name="defaultID">20387</property>
			<visible>[Library.HasContent(Movies) | Library.HasContent(TVShows)] + String.IsEqual(Container(900).ListItem.Property(submenuVisibility),tv)</visible>
			<onclick>ActivateWindow(Videos,videodb://recentlyaddedepisodes/,return)</onclick>
			<property name="path">ActivateWindow(Videos,videodb://recentlyaddedepisodes/,return)</property>
			<property name="list">videodb://recentlyaddedepisodes/</property>
			<visible>String.IsEqual(System.ProfileName,Deta)</visible>
			<property name="group">tv</property>
			<property name="isSubmenu">True</property>
			</item>
		<item id="4">
			<property name="id">$NUMBER[4]</property>
			<property name="mainmenuid">5</property>
			<label>$LOCALIZE[626]</label>
			<label2>Shows</label2>
			<icon>DefaultShortcut.png</icon>
			<thumb />
			<property name="labelID">626</property>
			<property name="defaultID">626</property>
			<visible>[Library.HasContent(Movies) | Library.HasContent(TVShows)] + String.IsEqual(Container(900).ListItem.Property(submenuVisibility),tv)</visible>
			<onclick>ActivateWindow(Videos,videodb://inprogresstvshows/,return)</onclick>
			<property name="path">ActivateWindow(Videos,videodb://inprogresstvshows/,return)</property>
			<property name="list">videodb://inprogresstvshows/</property>
			<visible>String.IsEqual(System.ProfileName,Deta)</visible>
			<property name="group">tv</property>
			<property name="isSubmenu">True</property>
			</item>
		<item id="5">
			<property name="id">$NUMBER[5]</property>
			<property name="mainmenuid">5</property>
			<label>$LOCALIZE[135]</label>
			<label2>Shows</label2>
			<icon>DefaultShortcut.png</icon>
			<thumb />
			<property name="labelID">135</property>
			<property name="defaultID">135</property>
			<visible>[[Library.HasContent(TVShows)] + [Library.HasContent(Movies) | Library.HasContent(TVShows)]] + String.IsEqual(Container(900).ListItem.Property(submenuVisibility),tv)</visible>
			<onclick>ActivateWindow(Videos,videodb://tvshows/genres/,return)</onclick>
			<property name="path">ActivateWindow(Videos,videodb://tvshows/genres/,return)</property>
			<property name="list">videodb://tvshows/genres/</property>
			<visible>String.IsEqual(System.ProfileName,Deta)</visible>
			<property name="group">tv</property>
			<property name="isSubmenu">True</property>
			</item>
		<item id="1">
			<property name="id">$NUMBER[1]</property>
			<property name="mainmenuid">10</property>
			<label>$LOCALIZE[5]</label>
			<label2>Kodi Command</label2>
			<icon>common/settings1.png</icon>
			<thumb />
			<property name="labelID">5</property>
			<property name="defaultID">5</property>
			<onclick condition="Window.IsActive(DialogButtonMenu.xml)">Close</onclick>
			<onclick>ActivateWindow(Settings)</onclick>
			<property name="path">ActivateWindow(Settings)</property>
			<property name="list">Settings</property>
			<visible>[String.IsEqual(System.ProfileName,Deta)] + String.IsEqual(Container(900).ListItem.Property(submenuVisibility),powermenu)</visible>
			<property name="group">powermenu</property>
			<property name="isSubmenu">True</property>
			</item>
		<item id="2">
			<property name="id">$NUMBER[2]</property>
			<property name="mainmenuid">10</property>
			<label>Manage Bingie</label>
			<label2>Program</label2>
			<icon>DefaultAddon.png</icon>
			<thumb>thumb</thumb>
			<property name="labelID">script.bingie.manage.widgets.fen.light</property>
			<property name="defaultID">script.bingie.manage.widgets.fen.light</property>
			<onclick condition="Window.IsActive(DialogButtonMenu.xml)">Close</onclick>
			<onclick>RunAddOn(script.bingie.manage.widgets.fen.light)</onclick>
			<property name="path">RunAddOn(script.bingie.manage.widgets.fen.light)</property>
			<property name="list">RunAddOn(script.bingie.manage.widgets.fen.light)</property>
			<visible>[String.IsEqual(System.ProfileName,Deta)] + String.IsEqual(Container(900).ListItem.Property(submenuVisibility),powermenu)</visible>
			<property name="group">powermenu</property>
			<property name="isSubmenu">True</property>
			</item>
		<item id="3">
			<property name="id">$NUMBER[3]</property>
			<property name="mainmenuid">10</property>
			<label>Refresh</label>
			<label2>Kodi Command</label2>
			<icon>common/reload-skin.png</icon>
			<thumb />
			<property name="labelID">refresh</property>
			<property name="defaultID">31501</property>
			<onclick condition="Window.IsActive(DialogButtonMenu.xml)">Close</onclick>
			<onclick>ReloadSkin()</onclick>
			<property name="path">ReloadSkin()</property>
			<property name="list">ReloadSkin()</property>
			<visible>[String.IsEqual(System.ProfileName,Deta)] + String.IsEqual(Container(900).ListItem.Property(submenuVisibility),powermenu)</visible>
			<property name="group">powermenu</property>
			<property name="isSubmenu">True</property>
			</item>
		<item id="4">
			<property name="id">$NUMBER[4]</property>
			<property name="mainmenuid">10</property>
			<label>WWE LFG</label>
			<label2>Favourite</label2>
			<icon>DefaultFolder.png</icon>
			<thumb>https://i.imgur.com/MWfeBK2.jpg</thumb>
			<property name="labelID">plugin.video.the-loop/get_list/aHR0cHM6Ly9sb29wYWRkb24udWsvZmlsZXMvazE5L3htbHMvRmlnaHRab25lMTkvUmVwbGF5cy9XcmVzdGxpbmdSZXBsYXlzL1d3ZVJlcGxheXMvbGZnLmpzb24=</property>
			<property name="defaultID">plugin.video.the-loop/get_list/aHR0cHM6Ly9sb29wYWRkb24udWsvZmlsZXMvazE5L3htbHMvRmlnaHRab25lMTkvUmVwbGF5cy9XcmVzdGxpbmdSZXBsYXlzL1d3ZVJlcGxheXMvbGZnLmpzb24=</property>
			<property name="translatedPath">ActivateWindow(10025,"plugin://plugin.video.the-loop/get_list/aHR0cHM6Ly9sb29wYWRkb24udWsvZmlsZXMvazE5L3htbHMvRmlnaHRab25lMTkvUmVwbGF5cy9XcmVzdGxpbmdSZXBsYXlzL1d3ZVJlcGxheXMvbGZnLmpzb24=",return)</property>
			<onclick condition="Window.IsActive(DialogButtonMenu.xml)">Close</onclick>
			<onclick>ActivateWindow(10025,"plugin://plugin.video.the-loop/get_list/aHR0cHM6Ly9sb29wYWRkb24udWsvZmlsZXMvazE5L3htbHMvRmlnaHRab25lMTkvUmVwbGF5cy9XcmVzdGxpbmdSZXBsYXlzL1d3ZVJlcGxheXMvbGZnLmpzb24=",return)</onclick>
			<property name="path">ActivateWindow(10025,"plugin://plugin.video.the-loop/get_list/aHR0cHM6Ly9sb29wYWRkb24udWsvZmlsZXMvazE5L3htbHMvRmlnaHRab25lMTkvUmVwbGF5cy9XcmVzdGxpbmdSZXBsYXlzL1d3ZVJlcGxheXMvbGZnLmpzb24=",return)</property>
			<property name="list">plugin://plugin.video.the-loop/get_list/aHR0cHM6Ly9sb29wYWRkb24udWsvZmlsZXMvazE5L3htbHMvRmlnaHRab25lMTkvUmVwbGF5cy9XcmVzdGxpbmdSZXBsYXlzL1d3ZVJlcGxheXMvbGZnLmpzb24=</property>
			<visible>[String.IsEqual(System.ProfileName,Deta)] + String.IsEqual(Container(900).ListItem.Property(submenuVisibility),powermenu)</visible>
			<property name="group">powermenu</property>
			<property name="isSubmenu">True</property>
			</item>
		<item id="5">
			<property name="id">$NUMBER[5]</property>
			<property name="mainmenuid">10</property>
			<label>Video add-ons</label>
			<label2>Favourite</label2>
			<icon>DefaultFolder.png</icon>
			<thumb>DefaultAddonVideo.png</thumb>
			<property name="labelID">videoadd-ons</property>
			<property name="defaultID">videoadd-ons</property>
			<property name="translatedPath">ActivateWindow(10040,"addons://user/xbmc.addon.video",return)</property>
			<onclick condition="Window.IsActive(DialogButtonMenu.xml)">Close</onclick>
			<onclick>ActivateWindow(10040,"addons://user/xbmc.addon.video",return)</onclick>
			<property name="path">ActivateWindow(10040,"addons://user/xbmc.addon.video",return)</property>
			<property name="list">addons://user/xbmc.addon.video</property>
			<visible>[String.IsEqual(System.ProfileName,Deta)] + String.IsEqual(Container(900).ListItem.Property(submenuVisibility),powermenu)</visible>
			<property name="group">powermenu</property>
			<property name="isSubmenu">True</property>
			</item>
		<item id="6">
			<property name="id">$NUMBER[6]</property>
			<property name="mainmenuid">10</property>
			<label>Exit Kodi</label>
			<label2>Favourite</label2>
			<icon>DefaultFolder.png</icon>
			<thumb />
			<property name="labelID">exitkodi</property>
			<property name="defaultID">colorred-forceclosekodi-color</property>
			<onclick condition="Window.IsActive(DialogButtonMenu.xml)">Close</onclick>
			<onclick>RunAddon("plugin.close.kodi",return)</onclick>
			<property name="path">RunAddon("plugin.close.kodi",return)</property>
			<property name="list">RunAddon(plugin.close.kodi,return)</property>
			<visible>[String.IsEqual(System.ProfileName,Deta)] + String.IsEqual(Container(900).ListItem.Property(submenuVisibility),powermenu)</visible>
			<property name="group">powermenu</property>
			<property name="isSubmenu">True</property>
			</item>
		<item id="7">
			<property name="id">$NUMBER[7]</property>
			<property name="mainmenuid">10</property>
			<label>$LOCALIZE[31629]</label>
			<label2>Kodi Command</label2>
			<icon>common/exit1.png</icon>
			<thumb />
			<property name="labelID">31629</property>
			<property name="defaultID">31629</property>
			<visible>[False] + String.IsEqual(Container(900).ListItem.Property(submenuVisibility),powermenu)</visible>
			<onclick>noop</onclick>
			<property name="isSubmenu">True</property>
			</item>
		<item id="8">
			<property name="id">$NUMBER[8]</property>
			<property name="mainmenuid">10</property>
			<label>$LOCALIZE[13013]</label>
			<label2>Kodi Command</label2>
			<icon>common/reboot1.png</icon>
			<thumb />
			<property name="labelID">13013</property>
			<property name="defaultID">13013</property>
			<visible>[False] + String.IsEqual(Container(900).ListItem.Property(submenuVisibility),powermenu)</visible>
			<onclick>noop</onclick>
			<property name="isSubmenu">True</property>
			</item>
		<item id="9">
			<property name="id">$NUMBER[9]</property>
			<property name="mainmenuid">10</property>
			<label>$LOCALIZE[13016]</label>
			<label2>Kodi Command</label2>
			<icon>common/shutdown1.png</icon>
			<thumb />
			<property name="labelID">13016</property>
			<property name="defaultID">13016</property>
			<visible>[False] + String.IsEqual(Container(900).ListItem.Property(submenuVisibility),powermenu)</visible>
			<onclick>noop</onclick>
			<property name="isSubmenu">True</property>
			</item>
		<item id="10">
			<property name="id">$NUMBER[10]</property>
			<property name="mainmenuid">10</property>
			<label>$LOCALIZE[20126]</label>
			<label2>Kodi Command</label2>
			<icon>common/lock.png</icon>
			<thumb />
			<property name="labelID">20126</property>
			<property name="defaultID">20126</property>
			<visible>[[[System.HasLoginScreen | Integer.IsGreater(System.ProfileCount,1)] + System.Loggedon] + [System.HasLoginScreen]] + String.IsEqual(Container(900).ListItem.Property(submenuVisibility),powermenu)</visible>
			<onclick condition="Window.IsActive(DialogButtonMenu.xml)">Close</onclick>
			<onclick>System.LogOff</onclick>
			<property name="path">System.LogOff</property>
			<property name="list">System.LogOff</property>
			<visible>String.IsEqual(System.ProfileName,Deta)</visible>
			<property name="group">powermenu</property>
			<property name="isSubmenu">True</property>
			</item>
		</include>
	<include name="skinshortcuts-group-num-137">
		<description>No items</description>
		</include>
	<include name="skinshortcuts-group-alt-num-137">
		<description>No items</description>
		</include>
	<include name="skinshortcuts-group-num-10000">
		<description>No items</description>
		</include>
	<include name="skinshortcuts-group-alt-num-10000">
		<description>No items</description>
		</include>
	<include name="skinshortcuts-group-num-31625">
		<description>No items</description>
		</include>
	<include name="skinshortcuts-group-alt-num-31625">
		<description>No items</description>
		</include>
	<include name="skinshortcuts-group-films">
		<item id="1">
			<property name="id">$NUMBER[1]</property>
			<property name="mainmenuid">4</property>
			<label>$LOCALIZE[31050]</label>
			<label2>Movies</label2>
			<icon>DefaultShortcut.png</icon>
			<thumb />
			<property name="labelID">31050</property>
			<property name="defaultID">135</property>
			<visible>[Library.HasContent(Movies)] + [Library.HasContent(Movies) | Library.HasContent(TVShows)]</visible>
			<onclick>ActivateWindow(Videos,videodb://movies/titles/,return)</onclick>
			<property name="path">ActivateWindow(Videos,videodb://movies/titles/,return)</property>
			<property name="list">videodb://movies/titles/</property>
			<visible>String.IsEqual(System.ProfileName,Deta)</visible>
			<property name="group">films</property>
			<property name="isSubmenu">True</property>
			</item>
		<item id="2">
			<property name="id">$NUMBER[2]</property>
			<property name="mainmenuid">4</property>
			<label>$LOCALIZE[20382]</label>
			<label2>Movies</label2>
			<icon>DefaultShortcut.png</icon>
			<thumb />
			<property name="labelID">20382</property>
			<property name="defaultID">135</property>
			<visible>Library.HasContent(Movies) | Library.HasContent(TVShows)</visible>
			<onclick>ActivateWindow(Videos,videodb://recentlyaddedmovies/,return)</onclick>
			<property name="path">ActivateWindow(Videos,videodb://recentlyaddedmovies/,return)</property>
			<property name="list">videodb://recentlyaddedmovies/</property>
			<visible>String.IsEqual(System.ProfileName,Deta)</visible>
			<property name="group">films</property>
			<property name="isSubmenu">True</property>
			</item>
		<item id="3">
			<property name="id">$NUMBER[3]</property>
			<property name="mainmenuid">4</property>
			<label>$LOCALIZE[31035]</label>
			<label2>Movies</label2>
			<icon>DefaultShortcut.png</icon>
			<thumb />
			<property name="labelID">31035</property>
			<property name="defaultID">135</property>
			<visible>Library.HasContent(Movies) | Library.HasContent(TVShows)</visible>
			<onclick>ActivateWindow(Videos,/storage/emulated/0/Android/data/org.xbmc.kodi/files/.kodi/addons/skin.bingie.fen.light.mod/extras/widgetplaylists/inprogressmovies.xsp,return)</onclick>
			<property name="path">ActivateWindow(Videos,/storage/emulated/0/Android/data/org.xbmc.kodi/files/.kodi/addons/skin.bingie.fen.light.mod/extras/widgetplaylists/inprogressmovies.xsp,return)</property>
			<property name="list">/storage/emulated/0/Android/data/org.xbmc.kodi/files/.kodi/addons/skin.bingie.fen.light.mod/extras/widgetplaylists/inprogressmovies.xsp</property>
			<visible>String.IsEqual(System.ProfileName,Deta)</visible>
			<property name="group">films</property>
			<property name="isSubmenu">True</property>
			</item>
		<item id="4">
			<property name="id">$NUMBER[4]</property>
			<property name="mainmenuid">4</property>
			<label>$LOCALIZE[16101]</label>
			<label2>Movies</label2>
			<icon>DefaultShortcut.png</icon>
			<thumb />
			<property name="labelID">16101</property>
			<property name="defaultID">135</property>
			<visible>Library.HasContent(Movies) | Library.HasContent(TVShows)</visible>
			<onclick>ActivateWindow(Videos,/storage/emulated/0/Android/data/org.xbmc.kodi/files/.kodi/addons/skin.bingie.fen.light.mod/extras/widgetplaylists/unwatchedmovies.xsp,return)</onclick>
			<property name="path">ActivateWindow(Videos,/storage/emulated/0/Android/data/org.xbmc.kodi/files/.kodi/addons/skin.bingie.fen.light.mod/extras/widgetplaylists/unwatchedmovies.xsp,return)</property>
			<property name="list">/storage/emulated/0/Android/data/org.xbmc.kodi/files/.kodi/addons/skin.bingie.fen.light.mod/extras/widgetplaylists/unwatchedmovies.xsp</property>
			<visible>String.IsEqual(System.ProfileName,Deta)</visible>
			<property name="group">films</property>
			<property name="isSubmenu">True</property>
			</item>
		<item id="5">
			<property name="id">$NUMBER[5]</property>
			<property name="mainmenuid">4</property>
			<label>$LOCALIZE[135]</label>
			<label2>Movies</label2>
			<icon>DefaultShortcut.png</icon>
			<thumb />
			<property name="labelID">135</property>
			<property name="defaultID">135</property>
			<visible>[Library.HasContent(Movies)] + [Library.HasContent(Movies) | Library.HasContent(TVShows)]</visible>
			<onclick>ActivateWindow(Videos,videodb://movies/genres/,return)</onclick>
			<property name="path">ActivateWindow(Videos,videodb://movies/genres/,return)</property>
			<property name="list">videodb://movies/genres/</property>
			<visible>String.IsEqual(System.ProfileName,Deta)</visible>
			<property name="group">films</property>
			<property name="isSubmenu">True</property>
			</item>
		<item id="6">
			<property name="id">$NUMBER[6]</property>
			<property name="mainmenuid">4</property>
			<label>$LOCALIZE[20434]</label>
			<label2>Movies</label2>
			<icon>DefaultShortcut.png</icon>
			<thumb />
			<property name="labelID">20434</property>
			<property name="defaultID">135</property>
			<visible>[Library.HasContent(MovieSets)] + [Library.HasContent(Movies) | Library.HasContent(TVShows)]</visible>
			<onclick>ActivateWindow(Videos,videodb://movies/sets/,return)</onclick>
			<property name="path">ActivateWindow(Videos,videodb://movies/sets/,return)</property>
			<property name="list">videodb://movies/sets/</property>
			<visible>String.IsEqual(System.ProfileName,Deta)</visible>
			<property name="group">films</property>
			<property name="isSubmenu">True</property>
			</item>
		</include>
	<include name="skinshortcuts-group-alt-films">
		<item id="1">
			<property name="id">$NUMBER[1]</property>
			<property name="mainmenuid">4</property>
			<label>$LOCALIZE[31050]</label>
			<label2>Movies</label2>
			<icon>DefaultShortcut.png</icon>
			<thumb />
			<property name="labelID">31050</property>
			<property name="defaultID">135</property>
			<visible>[[Library.HasContent(Movies)] + [Library.HasContent(Movies) | Library.HasContent(TVShows)]] + String.IsEqual(Window(10000).Property(submenuVisibility),films)</visible>
			<onclick>ActivateWindow(Videos,videodb://movies/titles/,return)</onclick>
			<property name="path">ActivateWindow(Videos,videodb://movies/titles/,return)</property>
			<property name="list">videodb://movies/titles/</property>
			<visible>String.IsEqual(System.ProfileName,Deta)</visible>
			<property name="group">films</property>
			<property name="isSubmenu">True</property>
			</item>
		<item id="2">
			<property name="id">$NUMBER[2]</property>
			<property name="mainmenuid">4</property>
			<label>$LOCALIZE[20382]</label>
			<label2>Movies</label2>
			<icon>DefaultShortcut.png</icon>
			<thumb />
			<property name="labelID">20382</property>
			<property name="defaultID">135</property>
			<visible>[Library.HasContent(Movies) | Library.HasContent(TVShows)] + String.IsEqual(Window(10000).Property(submenuVisibility),films)</visible>
			<onclick>ActivateWindow(Videos,videodb://recentlyaddedmovies/,return)</onclick>
			<property name="path">ActivateWindow(Videos,videodb://recentlyaddedmovies/,return)</property>
			<property name="list">videodb://recentlyaddedmovies/</property>
			<visible>String.IsEqual(System.ProfileName,Deta)</visible>
			<property name="group">films</property>
			<property name="isSubmenu">True</property>
			</item>
		<item id="3">
			<property name="id">$NUMBER[3]</property>
			<property name="mainmenuid">4</property>
			<label>$LOCALIZE[31035]</label>
			<label2>Movies</label2>
			<icon>DefaultShortcut.png</icon>
			<thumb />
			<property name="labelID">31035</property>
			<property name="defaultID">135</property>
			<visible>[Library.HasContent(Movies) | Library.HasContent(TVShows)] + String.IsEqual(Window(10000).Property(submenuVisibility),films)</visible>
			<onclick>ActivateWindow(Videos,/storage/emulated/0/Android/data/org.xbmc.kodi/files/.kodi/addons/skin.bingie.fen.light.mod/extras/widgetplaylists/inprogressmovies.xsp,return)</onclick>
			<property name="path">ActivateWindow(Videos,/storage/emulated/0/Android/data/org.xbmc.kodi/files/.kodi/addons/skin.bingie.fen.light.mod/extras/widgetplaylists/inprogressmovies.xsp,return)</property>
			<property name="list">/storage/emulated/0/Android/data/org.xbmc.kodi/files/.kodi/addons/skin.bingie.fen.light.mod/extras/widgetplaylists/inprogressmovies.xsp</property>
			<visible>String.IsEqual(System.ProfileName,Deta)</visible>
			<property name="group">films</property>
			<property name="isSubmenu">True</property>
			</item>
		<item id="4">
			<property name="id">$NUMBER[4]</property>
			<property name="mainmenuid">4</property>
			<label>$LOCALIZE[16101]</label>
			<label2>Movies</label2>
			<icon>DefaultShortcut.png</icon>
			<thumb />
			<property name="labelID">16101</property>
			<property name="defaultID">135</property>
			<visible>[Library.HasContent(Movies) | Library.HasContent(TVShows)] + String.IsEqual(Window(10000).Property(submenuVisibility),films)</visible>
			<onclick>ActivateWindow(Videos,/storage/emulated/0/Android/data/org.xbmc.kodi/files/.kodi/addons/skin.bingie.fen.light.mod/extras/widgetplaylists/unwatchedmovies.xsp,return)</onclick>
			<property name="path">ActivateWindow(Videos,/storage/emulated/0/Android/data/org.xbmc.kodi/files/.kodi/addons/skin.bingie.fen.light.mod/extras/widgetplaylists/unwatchedmovies.xsp,return)</property>
			<property name="list">/storage/emulated/0/Android/data/org.xbmc.kodi/files/.kodi/addons/skin.bingie.fen.light.mod/extras/widgetplaylists/unwatchedmovies.xsp</property>
			<visible>String.IsEqual(System.ProfileName,Deta)</visible>
			<property name="group">films</property>
			<property name="isSubmenu">True</property>
			</item>
		<item id="5">
			<property name="id">$NUMBER[5]</property>
			<property name="mainmenuid">4</property>
			<label>$LOCALIZE[135]</label>
			<label2>Movies</label2>
			<icon>DefaultShortcut.png</icon>
			<thumb />
			<property name="labelID">135</property>
			<property name="defaultID">135</property>
			<visible>[[Library.HasContent(Movies)] + [Library.HasContent(Movies) | Library.HasContent(TVShows)]] + String.IsEqual(Window(10000).Property(submenuVisibility),films)</visible>
			<onclick>ActivateWindow(Videos,videodb://movies/genres/,return)</onclick>
			<property name="path">ActivateWindow(Videos,videodb://movies/genres/,return)</property>
			<property name="list">videodb://movies/genres/</property>
			<visible>String.IsEqual(System.ProfileName,Deta)</visible>
			<property name="group">films</property>
			<property name="isSubmenu">True</property>
			</item>
		<item id="6">
			<property name="id">$NUMBER[6]</property>
			<property name="mainmenuid">4</property>
			<label>$LOCALIZE[20434]</label>
			<label2>Movies</label2>
			<icon>DefaultShortcut.png</icon>
			<thumb />
			<property name="labelID">20434</property>
			<property name="defaultID">135</property>
			<visible>[[Library.HasContent(MovieSets)] + [Library.HasContent(Movies) | Library.HasContent(TVShows)]] + String.IsEqual(Window(10000).Property(submenuVisibility),films)</visible>
			<onclick>ActivateWindow(Videos,videodb://movies/sets/,return)</onclick>
			<property name="path">ActivateWindow(Videos,videodb://movies/sets/,return)</property>
			<property name="list">videodb://movies/sets/</property>
			<visible>String.IsEqual(System.ProfileName,Deta)</visible>
			<property name="group">films</property>
			<property name="isSubmenu">True</property>
			</item>
		</include>
	<include name="skinshortcuts-group-tv">
		<item id="1">
			<property name="id">$NUMBER[1]</property>
			<property name="mainmenuid">5</property>
			<label>$LOCALIZE[31051]</label>
			<label2>Shows</label2>
			<icon>DefaultShortcut.png</icon>
			<thumb />
			<property name="labelID">31051</property>
			<property name="defaultID">369</property>
			<visible>[Library.HasContent(TVShows)] + [Library.HasContent(Movies) | Library.HasContent(TVShows)]</visible>
			<onclick>ActivateWindow(Videos,videodb://tvshows/titles/,return)</onclick>
			<property name="path">ActivateWindow(Videos,videodb://tvshows/titles/,return)</property>
			<property name="list">videodb://tvshows/titles/</property>
			<visible>String.IsEqual(System.ProfileName,Deta)</visible>
			<property name="group">tv</property>
			<property name="isSubmenu">True</property>
			</item>
		<item id="2">
			<property name="id">$NUMBER[2]</property>
			<property name="mainmenuid">5</property>
			<label>$LOCALIZE[31101]</label>
			<label2>Shows</label2>
			<icon>DefaultShortcut.png</icon>
			<thumb />
			<property name="labelID">31101</property>
			<property name="defaultID">369</property>
			<visible>Library.HasContent(Movies) | Library.HasContent(TVShows)</visible>
			<onclick>ActivateWindow(Videos,/storage/emulated/0/Android/data/org.xbmc.kodi/files/.kodi/addons/skin.bingie.fen.light.mod/extras/widgetplaylists/recentlyaddedtvshows.xsp,return)</onclick>
			<property name="path">ActivateWindow(Videos,/storage/emulated/0/Android/data/org.xbmc.kodi/files/.kodi/addons/skin.bingie.fen.light.mod/extras/widgetplaylists/recentlyaddedtvshows.xsp,return)</property>
			<property name="list">/storage/emulated/0/Android/data/org.xbmc.kodi/files/.kodi/addons/skin.bingie.fen.light.mod/extras/widgetplaylists/recentlyaddedtvshows.xsp</property>
			<visible>String.IsEqual(System.ProfileName,Deta)</visible>
			<property name="group">tv</property>
			<property name="isSubmenu">True</property>
			</item>
		<item id="3">
			<property name="id">$NUMBER[3]</property>
			<property name="mainmenuid">5</property>
			<label>$LOCALIZE[20387]</label>
			<label2>Shows</label2>
			<icon>DefaultShortcut.png</icon>
			<thumb />
			<property name="labelID">20387</property>
			<property name="defaultID">20387</property>
			<visible>Library.HasContent(Movies) | Library.HasContent(TVShows)</visible>
			<onclick>ActivateWindow(Videos,videodb://recentlyaddedepisodes/,return)</onclick>
			<property name="path">ActivateWindow(Videos,videodb://recentlyaddedepisodes/,return)</property>
			<property name="list">videodb://recentlyaddedepisodes/</property>
			<visible>String.IsEqual(System.ProfileName,Deta)</visible>
			<property name="group">tv</property>
			<property name="isSubmenu">True</property>
			</item>
		<item id="4">
			<property name="id">$NUMBER[4]</property>
			<property name="mainmenuid">5</property>
			<label>$LOCALIZE[626]</label>
			<label2>Shows</label2>
			<icon>DefaultShortcut.png</icon>
			<thumb />
			<property name="labelID">626</property>
			<property name="defaultID">626</property>
			<visible>Library.HasContent(Movies) | Library.HasContent(TVShows)</visible>
			<onclick>ActivateWindow(Videos,videodb://inprogresstvshows/,return)</onclick>
			<property name="path">ActivateWindow(Videos,videodb://inprogresstvshows/,return)</property>
			<property name="list">videodb://inprogresstvshows/</property>
			<visible>String.IsEqual(System.ProfileName,Deta)</visible>
			<property name="group">tv</property>
			<property name="isSubmenu">True</property>
			</item>
		<item id="5">
			<property name="id">$NUMBER[5]</property>
			<property name="mainmenuid">5</property>
			<label>$LOCALIZE[135]</label>
			<label2>Shows</label2>
			<icon>DefaultShortcut.png</icon>
			<thumb />
			<property name="labelID">135</property>
			<property name="defaultID">135</property>
			<visible>[Library.HasContent(TVShows)] + [Library.HasContent(Movies) | Library.HasContent(TVShows)]</visible>
			<onclick>ActivateWindow(Videos,videodb://tvshows/genres/,return)</onclick>
			<property name="path">ActivateWindow(Videos,videodb://tvshows/genres/,return)</property>
			<property name="list">videodb://tvshows/genres/</property>
			<visible>String.IsEqual(System.ProfileName,Deta)</visible>
			<property name="group">tv</property>
			<property name="isSubmenu">True</property>
			</item>
		</include>
	<include name="skinshortcuts-group-alt-tv">
		<item id="1">
			<property name="id">$NUMBER[1]</property>
			<property name="mainmenuid">5</property>
			<label>$LOCALIZE[31051]</label>
			<label2>Shows</label2>
			<icon>DefaultShortcut.png</icon>
			<thumb />
			<property name="labelID">31051</property>
			<property name="defaultID">369</property>
			<visible>[[Library.HasContent(TVShows)] + [Library.HasContent(Movies) | Library.HasContent(TVShows)]] + String.IsEqual(Window(10000).Property(submenuVisibility),tv)</visible>
			<onclick>ActivateWindow(Videos,videodb://tvshows/titles/,return)</onclick>
			<property name="path">ActivateWindow(Videos,videodb://tvshows/titles/,return)</property>
			<property name="list">videodb://tvshows/titles/</property>
			<visible>String.IsEqual(System.ProfileName,Deta)</visible>
			<property name="group">tv</property>
			<property name="isSubmenu">True</property>
			</item>
		<item id="2">
			<property name="id">$NUMBER[2]</property>
			<property name="mainmenuid">5</property>
			<label>$LOCALIZE[31101]</label>
			<label2>Shows</label2>
			<icon>DefaultShortcut.png</icon>
			<thumb />
			<property name="labelID">31101</property>
			<property name="defaultID">369</property>
			<visible>[Library.HasContent(Movies) | Library.HasContent(TVShows)] + String.IsEqual(Window(10000).Property(submenuVisibility),tv)</visible>
			<onclick>ActivateWindow(Videos,/storage/emulated/0/Android/data/org.xbmc.kodi/files/.kodi/addons/skin.bingie.fen.light.mod/extras/widgetplaylists/recentlyaddedtvshows.xsp,return)</onclick>
			<property name="path">ActivateWindow(Videos,/storage/emulated/0/Android/data/org.xbmc.kodi/files/.kodi/addons/skin.bingie.fen.light.mod/extras/widgetplaylists/recentlyaddedtvshows.xsp,return)</property>
			<property name="list">/storage/emulated/0/Android/data/org.xbmc.kodi/files/.kodi/addons/skin.bingie.fen.light.mod/extras/widgetplaylists/recentlyaddedtvshows.xsp</property>
			<visible>String.IsEqual(System.ProfileName,Deta)</visible>
			<property name="group">tv</property>
			<property name="isSubmenu">True</property>
			</item>
		<item id="3">
			<property name="id">$NUMBER[3]</property>
			<property name="mainmenuid">5</property>
			<label>$LOCALIZE[20387]</label>
			<label2>Shows</label2>
			<icon>DefaultShortcut.png</icon>
			<thumb />
			<property name="labelID">20387</property>
			<property name="defaultID">20387</property>
			<visible>[Library.HasContent(Movies) | Library.HasContent(TVShows)] + String.IsEqual(Window(10000).Property(submenuVisibility),tv)</visible>
			<onclick>ActivateWindow(Videos,videodb://recentlyaddedepisodes/,return)</onclick>
			<property name="path">ActivateWindow(Videos,videodb://recentlyaddedepisodes/,return)</property>
			<property name="list">videodb://recentlyaddedepisodes/</property>
			<visible>String.IsEqual(System.ProfileName,Deta)</visible>
			<property name="group">tv</property>
			<property name="isSubmenu">True</property>
			</item>
		<item id="4">
			<property name="id">$NUMBER[4]</property>
			<property name="mainmenuid">5</property>
			<label>$LOCALIZE[626]</label>
			<label2>Shows</label2>
			<icon>DefaultShortcut.png</icon>
			<thumb />
			<property name="labelID">626</property>
			<property name="defaultID">626</property>
			<visible>[Library.HasContent(Movies) | Library.HasContent(TVShows)] + String.IsEqual(Window(10000).Property(submenuVisibility),tv)</visible>
			<onclick>ActivateWindow(Videos,videodb://inprogresstvshows/,return)</onclick>
			<property name="path">ActivateWindow(Videos,videodb://inprogresstvshows/,return)</property>
			<property name="list">videodb://inprogresstvshows/</property>
			<visible>String.IsEqual(System.ProfileName,Deta)</visible>
			<property name="group">tv</property>
			<property name="isSubmenu">True</property>
			</item>
		<item id="5">
			<property name="id">$NUMBER[5]</property>
			<property name="mainmenuid">5</property>
			<label>$LOCALIZE[135]</label>
			<label2>Shows</label2>
			<icon>DefaultShortcut.png</icon>
			<thumb />
			<property name="labelID">135</property>
			<property name="defaultID">135</property>
			<visible>[[Library.HasContent(TVShows)] + [Library.HasContent(Movies) | Library.HasContent(TVShows)]] + String.IsEqual(Window(10000).Property(submenuVisibility),tv)</visible>
			<onclick>ActivateWindow(Videos,videodb://tvshows/genres/,return)</onclick>
			<property name="path">ActivateWindow(Videos,videodb://tvshows/genres/,return)</property>
			<property name="list">videodb://tvshows/genres/</property>
			<visible>String.IsEqual(System.ProfileName,Deta)</visible>
			<property name="group">tv</property>
			<property name="isSubmenu">True</property>
			</item>
		</include>
	<include name="skinshortcuts-group-animation">
		<description>No items</description>
		</include>
	<include name="skinshortcuts-group-alt-animation">
		<description>No items</description>
		</include>
	<include name="skinshortcuts-group-wrestling">
		<description>No items</description>
		</include>
	<include name="skinshortcuts-group-alt-wrestling">
		<description>No items</description>
		</include>
	<include name="skinshortcuts-group-pickagenre">
		<description>No items</description>
		</include>
	<include name="skinshortcuts-group-alt-pickagenre">
		<description>No items</description>
		</include>
	<include name="skinshortcuts-group-num-31534">
		<description>No items</description>
		</include>
	<include name="skinshortcuts-group-alt-num-31534">
		<description>No items</description>
		</include>
	<include name="skinshortcuts-group-powermenu">
		<item id="1">
			<property name="id">$NUMBER[1]</property>
			<property name="mainmenuid">10</property>
			<label>$LOCALIZE[5]</label>
			<label2>Kodi Command</label2>
			<icon>common/settings1.png</icon>
			<thumb />
			<property name="labelID">5</property>
			<property name="defaultID">5</property>
			<onclick condition="Window.IsActive(DialogButtonMenu.xml)">Close</onclick>
			<onclick>ActivateWindow(Settings)</onclick>
			<property name="path">ActivateWindow(Settings)</property>
			<property name="list">Settings</property>
			<visible>String.IsEqual(System.ProfileName,Deta)</visible>
			<property name="group">powermenu</property>
			<property name="isSubmenu">True</property>
			</item>
		<item id="2">
			<property name="id">$NUMBER[2]</property>
			<property name="mainmenuid">10</property>
			<label>Manage Bingie</label>
			<label2>Program</label2>
			<icon>DefaultAddon.png</icon>
			<thumb>thumb</thumb>
			<property name="labelID">script.bingie.manage.widgets.fen.light</property>
			<property name="defaultID">script.bingie.manage.widgets.fen.light</property>
			<onclick condition="Window.IsActive(DialogButtonMenu.xml)">Close</onclick>
			<onclick>RunAddOn(script.bingie.manage.widgets.fen.light)</onclick>
			<property name="path">RunAddOn(script.bingie.manage.widgets.fen.light)</property>
			<property name="list">RunAddOn(script.bingie.manage.widgets.fen.light)</property>
			<visible>String.IsEqual(System.ProfileName,Deta)</visible>
			<property name="group">powermenu</property>
			<property name="isSubmenu">True</property>
			</item>
		<item id="3">
			<property name="id">$NUMBER[3]</property>
			<property name="mainmenuid">10</property>
			<label>Refresh</label>
			<label2>Kodi Command</label2>
			<icon>common/reload-skin.png</icon>
			<thumb />
			<property name="labelID">refresh</property>
			<property name="defaultID">31501</property>
			<onclick condition="Window.IsActive(DialogButtonMenu.xml)">Close</onclick>
			<onclick>ReloadSkin()</onclick>
			<property name="path">ReloadSkin()</property>
			<property name="list">ReloadSkin()</property>
			<visible>String.IsEqual(System.ProfileName,Deta)</visible>
			<property name="group">powermenu</property>
			<property name="isSubmenu">True</property>
			</item>
		<item id="4">
			<property name="id">$NUMBER[4]</property>
			<property name="mainmenuid">10</property>
			<label>WWE LFG</label>
			<label2>Favourite</label2>
			<icon>DefaultFolder.png</icon>
			<thumb>https://i.imgur.com/MWfeBK2.jpg</thumb>
			<property name="labelID">plugin.video.the-loop/get_list/aHR0cHM6Ly9sb29wYWRkb24udWsvZmlsZXMvazE5L3htbHMvRmlnaHRab25lMTkvUmVwbGF5cy9XcmVzdGxpbmdSZXBsYXlzL1d3ZVJlcGxheXMvbGZnLmpzb24=</property>
			<property name="defaultID">plugin.video.the-loop/get_list/aHR0cHM6Ly9sb29wYWRkb24udWsvZmlsZXMvazE5L3htbHMvRmlnaHRab25lMTkvUmVwbGF5cy9XcmVzdGxpbmdSZXBsYXlzL1d3ZVJlcGxheXMvbGZnLmpzb24=</property>
			<property name="translatedPath">ActivateWindow(10025,"plugin://plugin.video.the-loop/get_list/aHR0cHM6Ly9sb29wYWRkb24udWsvZmlsZXMvazE5L3htbHMvRmlnaHRab25lMTkvUmVwbGF5cy9XcmVzdGxpbmdSZXBsYXlzL1d3ZVJlcGxheXMvbGZnLmpzb24=",return)</property>
			<onclick condition="Window.IsActive(DialogButtonMenu.xml)">Close</onclick>
			<onclick>ActivateWindow(10025,"plugin://plugin.video.the-loop/get_list/aHR0cHM6Ly9sb29wYWRkb24udWsvZmlsZXMvazE5L3htbHMvRmlnaHRab25lMTkvUmVwbGF5cy9XcmVzdGxpbmdSZXBsYXlzL1d3ZVJlcGxheXMvbGZnLmpzb24=",return)</onclick>
			<property name="path">ActivateWindow(10025,"plugin://plugin.video.the-loop/get_list/aHR0cHM6Ly9sb29wYWRkb24udWsvZmlsZXMvazE5L3htbHMvRmlnaHRab25lMTkvUmVwbGF5cy9XcmVzdGxpbmdSZXBsYXlzL1d3ZVJlcGxheXMvbGZnLmpzb24=",return)</property>
			<property name="list">plugin://plugin.video.the-loop/get_list/aHR0cHM6Ly9sb29wYWRkb24udWsvZmlsZXMvazE5L3htbHMvRmlnaHRab25lMTkvUmVwbGF5cy9XcmVzdGxpbmdSZXBsYXlzL1d3ZVJlcGxheXMvbGZnLmpzb24=</property>
			<visible>String.IsEqual(System.ProfileName,Deta)</visible>
			<property name="group">powermenu</property>
			<property name="isSubmenu">True</property>
			</item>
		<item id="5">
			<property name="id">$NUMBER[5]</property>
			<property name="mainmenuid">10</property>
			<label>Video add-ons</label>
			<label2>Favourite</label2>
			<icon>DefaultFolder.png</icon>
			<thumb>DefaultAddonVideo.png</thumb>
			<property name="labelID">videoadd-ons</property>
			<property name="defaultID">videoadd-ons</property>
			<property name="translatedPath">ActivateWindow(10040,"addons://user/xbmc.addon.video",return)</property>
			<onclick condition="Window.IsActive(DialogButtonMenu.xml)">Close</onclick>
			<onclick>ActivateWindow(10040,"addons://user/xbmc.addon.video",return)</onclick>
			<property name="path">ActivateWindow(10040,"addons://user/xbmc.addon.video",return)</property>
			<property name="list">addons://user/xbmc.addon.video</property>
			<visible>String.IsEqual(System.ProfileName,Deta)</visible>
			<property name="group">powermenu</property>
			<property name="isSubmenu">True</property>
			</item>
		<item id="6">
			<property name="id">$NUMBER[6]</property>
			<property name="mainmenuid">10</property>
			<label>Exit Kodi</label>
			<label2>Favourite</label2>
			<icon>DefaultFolder.png</icon>
			<thumb />
			<property name="labelID">exitkodi</property>
			<property name="defaultID">colorred-forceclosekodi-color</property>
			<onclick condition="Window.IsActive(DialogButtonMenu.xml)">Close</onclick>
			<onclick>RunAddon("plugin.close.kodi",return)</onclick>
			<property name="path">RunAddon("plugin.close.kodi",return)</property>
			<property name="list">RunAddon(plugin.close.kodi,return)</property>
			<visible>String.IsEqual(System.ProfileName,Deta)</visible>
			<property name="group">powermenu</property>
			<property name="isSubmenu">True</property>
			</item>
		<item id="7">
			<property name="id">$NUMBER[7]</property>
			<property name="mainmenuid">10</property>
			<label>$LOCALIZE[31629]</label>
			<label2>Kodi Command</label2>
			<icon>common/exit1.png</icon>
			<thumb />
			<property name="labelID">31629</property>
			<property name="defaultID">31629</property>
			<visible>False</visible>
			<onclick>noop</onclick>
			<property name="isSubmenu">True</property>
			</item>
		<item id="8">
			<property name="id">$NUMBER[8]</property>
			<property name="mainmenuid">10</property>
			<label>$LOCALIZE[13013]</label>
			<label2>Kodi Command</label2>
			<icon>common/reboot1.png</icon>
			<thumb />
			<property name="labelID">13013</property>
			<property name="defaultID">13013</property>
			<visible>False</visible>
			<onclick>noop</onclick>
			<property name="isSubmenu">True</property>
			</item>
		<item id="9">
			<property name="id">$NUMBER[9]</property>
			<property name="mainmenuid">10</property>
			<label>$LOCALIZE[13016]</label>
			<label2>Kodi Command</label2>
			<icon>common/shutdown1.png</icon>
			<thumb />
			<property name="labelID">13016</property>
			<property name="defaultID">13016</property>
			<visible>False</visible>
			<onclick>noop</onclick>
			<property name="isSubmenu">True</property>
			</item>
		<item id="10">
			<property name="id">$NUMBER[10]</property>
			<property name="mainmenuid">10</property>
			<label>$LOCALIZE[20126]</label>
			<label2>Kodi Command</label2>
			<icon>common/lock.png</icon>
			<thumb />
			<property name="labelID">20126</property>
			<property name="defaultID">20126</property>
			<visible>[[System.HasLoginScreen | Integer.IsGreater(System.ProfileCount,1)] + System.Loggedon] + [System.HasLoginScreen]</visible>
			<onclick condition="Window.IsActive(DialogButtonMenu.xml)">Close</onclick>
			<onclick>System.LogOff</onclick>
			<property name="path">System.LogOff</property>
			<property name="list">System.LogOff</property>
			<visible>String.IsEqual(System.ProfileName,Deta)</visible>
			<property name="group">powermenu</property>
			<property name="isSubmenu">True</property>
			</item>
		</include>
	<include name="skinshortcuts-group-alt-powermenu">
		<item id="1">
			<property name="id">$NUMBER[1]</property>
			<property name="mainmenuid">10</property>
			<label>$LOCALIZE[5]</label>
			<label2>Kodi Command</label2>
			<icon>common/settings1.png</icon>
			<thumb />
			<property name="labelID">5</property>
			<property name="defaultID">5</property>
			<onclick condition="Window.IsActive(DialogButtonMenu.xml)">Close</onclick>
			<onclick>ActivateWindow(Settings)</onclick>
			<property name="path">ActivateWindow(Settings)</property>
			<property name="list">Settings</property>
			<visible>[String.IsEqual(System.ProfileName,Deta)] + String.IsEqual(Window(10000).Property(submenuVisibility),powermenu)</visible>
			<property name="group">powermenu</property>
			<property name="isSubmenu">True</property>
			</item>
		<item id="2">
			<property name="id">$NUMBER[2]</property>
			<property name="mainmenuid">10</property>
			<label>Manage Bingie</label>
			<label2>Program</label2>
			<icon>DefaultAddon.png</icon>
			<thumb>thumb</thumb>
			<property name="labelID">script.bingie.manage.widgets.fen.light</property>
			<property name="defaultID">script.bingie.manage.widgets.fen.light</property>
			<onclick condition="Window.IsActive(DialogButtonMenu.xml)">Close</onclick>
			<onclick>RunAddOn(script.bingie.manage.widgets.fen.light)</onclick>
			<property name="path">RunAddOn(script.bingie.manage.widgets.fen.light)</property>
			<property name="list">RunAddOn(script.bingie.manage.widgets.fen.light)</property>
			<visible>[String.IsEqual(System.ProfileName,Deta)] + String.IsEqual(Window(10000).Property(submenuVisibility),powermenu)</visible>
			<property name="group">powermenu</property>
			<property name="isSubmenu">True</property>
			</item>
		<item id="3">
			<property name="id">$NUMBER[3]</property>
			<property name="mainmenuid">10</property>
			<label>Refresh</label>
			<label2>Kodi Command</label2>
			<icon>common/reload-skin.png</icon>
			<thumb />
			<property name="labelID">refresh</property>
			<property name="defaultID">31501</property>
			<onclick condition="Window.IsActive(DialogButtonMenu.xml)">Close</onclick>
			<onclick>ReloadSkin()</onclick>
			<property name="path">ReloadSkin()</property>
			<property name="list">ReloadSkin()</property>
			<visible>[String.IsEqual(System.ProfileName,Deta)] + String.IsEqual(Window(10000).Property(submenuVisibility),powermenu)</visible>
			<property name="group">powermenu</property>
			<property name="isSubmenu">True</property>
			</item>
		<item id="4">
			<property name="id">$NUMBER[4]</property>
			<property name="mainmenuid">10</property>
			<label>WWE LFG</label>
			<label2>Favourite</label2>
			<icon>DefaultFolder.png</icon>
			<thumb>https://i.imgur.com/MWfeBK2.jpg</thumb>
			<property name="labelID">plugin.video.the-loop/get_list/aHR0cHM6Ly9sb29wYWRkb24udWsvZmlsZXMvazE5L3htbHMvRmlnaHRab25lMTkvUmVwbGF5cy9XcmVzdGxpbmdSZXBsYXlzL1d3ZVJlcGxheXMvbGZnLmpzb24=</property>
			<property name="defaultID">plugin.video.the-loop/get_list/aHR0cHM6Ly9sb29wYWRkb24udWsvZmlsZXMvazE5L3htbHMvRmlnaHRab25lMTkvUmVwbGF5cy9XcmVzdGxpbmdSZXBsYXlzL1d3ZVJlcGxheXMvbGZnLmpzb24=</property>
			<property name="translatedPath">ActivateWindow(10025,"plugin://plugin.video.the-loop/get_list/aHR0cHM6Ly9sb29wYWRkb24udWsvZmlsZXMvazE5L3htbHMvRmlnaHRab25lMTkvUmVwbGF5cy9XcmVzdGxpbmdSZXBsYXlzL1d3ZVJlcGxheXMvbGZnLmpzb24=",return)</property>
			<onclick condition="Window.IsActive(DialogButtonMenu.xml)">Close</onclick>
			<onclick>ActivateWindow(10025,"plugin://plugin.video.the-loop/get_list/aHR0cHM6Ly9sb29wYWRkb24udWsvZmlsZXMvazE5L3htbHMvRmlnaHRab25lMTkvUmVwbGF5cy9XcmVzdGxpbmdSZXBsYXlzL1d3ZVJlcGxheXMvbGZnLmpzb24=",return)</onclick>
			<property name="path">ActivateWindow(10025,"plugin://plugin.video.the-loop/get_list/aHR0cHM6Ly9sb29wYWRkb24udWsvZmlsZXMvazE5L3htbHMvRmlnaHRab25lMTkvUmVwbGF5cy9XcmVzdGxpbmdSZXBsYXlzL1d3ZVJlcGxheXMvbGZnLmpzb24=",return)</property>
			<property name="list">plugin://plugin.video.the-loop/get_list/aHR0cHM6Ly9sb29wYWRkb24udWsvZmlsZXMvazE5L3htbHMvRmlnaHRab25lMTkvUmVwbGF5cy9XcmVzdGxpbmdSZXBsYXlzL1d3ZVJlcGxheXMvbGZnLmpzb24=</property>
			<visible>[String.IsEqual(System.ProfileName,Deta)] + String.IsEqual(Window(10000).Property(submenuVisibility),powermenu)</visible>
			<property name="group">powermenu</property>
			<property name="isSubmenu">True</property>
			</item>
		<item id="5">
			<property name="id">$NUMBER[5]</property>
			<property name="mainmenuid">10</property>
			<label>Video add-ons</label>
			<label2>Favourite</label2>
			<icon>DefaultFolder.png</icon>
			<thumb>DefaultAddonVideo.png</thumb>
			<property name="labelID">videoadd-ons</property>
			<property name="defaultID">videoadd-ons</property>
			<property name="translatedPath">ActivateWindow(10040,"addons://user/xbmc.addon.video",return)</property>
			<onclick condition="Window.IsActive(DialogButtonMenu.xml)">Close</onclick>
			<onclick>ActivateWindow(10040,"addons://user/xbmc.addon.video",return)</onclick>
			<property name="path">ActivateWindow(10040,"addons://user/xbmc.addon.video",return)</property>
			<property name="list">addons://user/xbmc.addon.video</property>
			<visible>[String.IsEqual(System.ProfileName,Deta)] + String.IsEqual(Window(10000).Property(submenuVisibility),powermenu)</visible>
			<property name="group">powermenu</property>
			<property name="isSubmenu">True</property>
			</item>
		<item id="6">
			<property name="id">$NUMBER[6]</property>
			<property name="mainmenuid">10</property>
			<label>Exit Kodi</label>
			<label2>Favourite</label2>
			<icon>DefaultFolder.png</icon>
			<thumb />
			<property name="labelID">exitkodi</property>
			<property name="defaultID">colorred-forceclosekodi-color</property>
			<onclick condition="Window.IsActive(DialogButtonMenu.xml)">Close</onclick>
			<onclick>RunAddon("plugin.close.kodi",return)</onclick>
			<property name="path">RunAddon("plugin.close.kodi",return)</property>
			<property name="list">RunAddon(plugin.close.kodi,return)</property>
			<visible>[String.IsEqual(System.ProfileName,Deta)] + String.IsEqual(Window(10000).Property(submenuVisibility),powermenu)</visible>
			<property name="group">powermenu</property>
			<property name="isSubmenu">True</property>
			</item>
		<item id="7">
			<property name="id">$NUMBER[7]</property>
			<property name="mainmenuid">10</property>
			<label>$LOCALIZE[31629]</label>
			<label2>Kodi Command</label2>
			<icon>common/exit1.png</icon>
			<thumb />
			<property name="labelID">31629</property>
			<property name="defaultID">31629</property>
			<visible>[False] + String.IsEqual(Window(10000).Property(submenuVisibility),powermenu)</visible>
			<onclick>noop</onclick>
			<property name="isSubmenu">True</property>
			</item>
		<item id="8">
			<property name="id">$NUMBER[8]</property>
			<property name="mainmenuid">10</property>
			<label>$LOCALIZE[13013]</label>
			<label2>Kodi Command</label2>
			<icon>common/reboot1.png</icon>
			<thumb />
			<property name="labelID">13013</property>
			<property name="defaultID">13013</property>
			<visible>[False] + String.IsEqual(Window(10000).Property(submenuVisibility),powermenu)</visible>
			<onclick>noop</onclick>
			<property name="isSubmenu">True</property>
			</item>
		<item id="9">
			<property name="id">$NUMBER[9]</property>
			<property name="mainmenuid">10</property>
			<label>$LOCALIZE[13016]</label>
			<label2>Kodi Command</label2>
			<icon>common/shutdown1.png</icon>
			<thumb />
			<property name="labelID">13016</property>
			<property name="defaultID">13016</property>
			<visible>[False] + String.IsEqual(Window(10000).Property(submenuVisibility),powermenu)</visible>
			<onclick>noop</onclick>
			<property name="isSubmenu">True</property>
			</item>
		<item id="10">
			<property name="id">$NUMBER[10]</property>
			<property name="mainmenuid">10</property>
			<label>$LOCALIZE[20126]</label>
			<label2>Kodi Command</label2>
			<icon>common/lock.png</icon>
			<thumb />
			<property name="labelID">20126</property>
			<property name="defaultID">20126</property>
			<visible>[[[System.HasLoginScreen | Integer.IsGreater(System.ProfileCount,1)] + System.Loggedon] + [System.HasLoginScreen]] + String.IsEqual(Window(10000).Property(submenuVisibility),powermenu)</visible>
			<onclick condition="Window.IsActive(DialogButtonMenu.xml)">Close</onclick>
			<onclick>System.LogOff</onclick>
			<property name="path">System.LogOff</property>
			<property name="list">System.LogOff</property>
			<visible>String.IsEqual(System.ProfileName,Deta)</visible>
			<property name="group">powermenu</property>
			<property name="isSubmenu">True</property>
			</item>
		</include>
	<include name="skinshortcuts-group-searchmenu">
		<description>No items</description>
		</include>
	<include name="skinshortcuts-group-alt-searchmenu">
		<description>No items</description>
		</include>
	<include name="skinshortcuts-template-Widgets">
		<include condition="String.IsEqual(System.ProfileName,Deta)">skinshortcuts-template-Widgets-Deta</include>
		</include>
	<include name="skinshortcuts-template-Widgets-Deta">
		<include content="widget_header_multi" condition="true">
			<param name="widgetid" value="2510" />
			<param name="submenuid" value="num-10000" />
			<param name="widgetName" value="Continue Watching Films" />
			</include>
		<include content="widget_base" condition="true">
			<param name="containerType" value="panel" />
			<param name="contentStyle" value="normal" />
			<param name="widgetid" value="2510" />
			<param name="widgetName" value="Continue Watching Films" />
			<param name="submenuid" value="num-10000" />
			<param name="widgetTags" value="WidgetTagOverlayAuto" />
			<param name="widgetTarget" value="videos" />
			<param name="widgetPath" value="plugin://plugin.video.fenlight/?name=In+Progress&amp;iconImage=https%3A%2F%2Fi.imgur.com%2FD0nCsqI.png&amp;mode=build_movie_list&amp;action=in_progress_movies&amp;reload=$INFO[Window(Home).Property(widgetreload-movies)]" />
			<param name="widgetStyle" value="widget_layout_default" />
			<param name="widgetSortBy" value="" />
			<param name="widgetSortOrder" value="" />
			<param name="widgetLimit" value="$INFO[Skin.String(WidgetsGlobalLimit)]" />
			<param name="widgetInfoPanel" value="top" />
			</include>
		<include content="widget_header_multi" condition="true">
			<param name="widgetid" value="2520" />
			<param name="submenuid" value="num-10000" />
			<param name="widgetName" value="Continue Watching TV" />
			</include>
		<include content="widget_base" condition="true">
			<param name="containerType" value="panel" />
			<param name="contentStyle" value="normal" />
			<param name="widgetid" value="2520" />
			<param name="widgetName" value="Continue Watching TV" />
			<param name="submenuid" value="num-10000" />
			<param name="widgetTags" value="WidgetTagOverlayAuto" />
			<param name="widgetTarget" value="videos" />
			<param name="widgetPath" value="plugin://plugin.video.fenlight/?name=In+Progress&amp;action=in_progress_tvshows&amp;iconImage=https%3A%2F%2Fi.imgur.com%2FBfGbQXx.png&amp;mode=build_tvshow_list&amp;reload=$INFO[Window(Home).Property(widgetreload-episodes)]" />
			<param name="widgetStyle" value="widget_layout_default" />
			<param name="widgetSortBy" value="" />
			<param name="widgetSortOrder" value="" />
			<param name="widgetLimit" value="$INFO[Skin.String(WidgetsGlobalLimit)]" />
			<param name="widgetInfoPanel" value="top" />
			</include>
		<include content="widget_header_multi" condition="true">
			<param name="widgetid" value="2530" />
			<param name="submenuid" value="num-10000" />
			<param name="widgetName" value="Next Episodes" />
			</include>
		<include content="widget_base" condition="true">
			<param name="containerType" value="panel" />
			<param name="contentStyle" value="normal" />
			<param name="widgetid" value="2530" />
			<param name="widgetName" value="Next Episodes" />
			<param name="submenuid" value="num-10000" />
			<param name="widgetTags" value="WidgetTagOverlayAuto" />
			<param name="widgetTarget" value="videos" />
			<param name="widgetPath" value="plugin://plugin.video.fenlight/?name=Next+Episodes&amp;iconImage=https%3A%2F%2Fi.imgur.com%2F0KFvjKR.png&amp;mode=build_next_episode&amp;reload=$INFO[Window(Home).Property(widgetreload-episodes)]" />
			<param name="widgetStyle" value="widget_layout_default" />
			<param name="widgetSortBy" value="" />
			<param name="widgetSortOrder" value="" />
			<param name="widgetLimit" value="$INFO[Skin.String(WidgetsGlobalLimit)]" />
			<param name="widgetInfoPanel" value="top" />
			</include>
		<include content="widget_header_multi" condition="true">
			<param name="widgetid" value="2540" />
			<param name="submenuid" value="num-10000" />
			<param name="widgetName" value="In Progress Episodes" />
			</include>
		<include content="widget_base" condition="true">
			<param name="containerType" value="panel" />
			<param name="contentStyle" value="normal" />
			<param name="widgetid" value="2540" />
			<param name="widgetName" value="In Progress Episodes" />
			<param name="submenuid" value="num-10000" />
			<param name="widgetTags" value="WidgetTagOverlayAuto" />
			<param name="widgetTarget" value="videos" />
			<param name="widgetPath" value="plugin://plugin.video.fenlight/?name=In+Progress+Episodes&amp;iconImage=https%3A%2F%2Fi.imgur.com%2FD0nCsqI.png&amp;mode=build_in_progress_episode&amp;reload=$INFO[Window(Home).Property(widgetreload-episodes)]" />
			<param name="widgetStyle" value="widget_layout_default" />
			<param name="widgetSortBy" value="" />
			<param name="widgetSortOrder" value="" />
			<param name="widgetLimit" value="$INFO[Skin.String(WidgetsGlobalLimit)]" />
			<param name="widgetInfoPanel" value="top" />
			</include>
		<include content="widget_header_multi" condition="true">
			<param name="widgetid" value="2550" />
			<param name="submenuid" value="num-10000" />
			<param name="widgetName" value="Film Watchlist" />
			</include>
		<include content="widget_base" condition="true">
			<param name="containerType" value="panel" />
			<param name="contentStyle" value="normal" />
			<param name="widgetid" value="2550" />
			<param name="widgetName" value="Film Watchlist" />
			<param name="submenuid" value="num-10000" />
			<param name="widgetTags" value="WidgetTagOverlayAuto" />
			<param name="widgetTarget" value="videos" />
			<param name="widgetPath" value="plugin://plugin.video.fenlight/?mode=build_movie_list&amp;action=trakt_watchlist&amp;category_name=Movies+Watchlist&amp;iconImage=https%3A%2F%2Fi.imgur.com%2FsGq3ifV.png&amp;reload=$INFO[Window(Home).Property(widgetreload-movies)]" />
			<param name="widgetStyle" value="widget_layout_default" />
			<param name="widgetSortBy" value="" />
			<param name="widgetSortOrder" value="" />
			<param name="widgetLimit" value="$INFO[Skin.String(WidgetsGlobalLimit)]" />
			<param name="widgetInfoPanel" value="top" />
			</include>
		<include content="widget_header_multi" condition="true">
			<param name="widgetid" value="2560" />
			<param name="submenuid" value="num-10000" />
			<param name="widgetName" value="TV Watchlist" />
			</include>
		<include content="widget_base" condition="true">
			<param name="containerType" value="panel" />
			<param name="contentStyle" value="normal" />
			<param name="widgetid" value="2560" />
			<param name="widgetName" value="TV Watchlist" />
			<param name="submenuid" value="num-10000" />
			<param name="widgetTags" value="WidgetTagOverlayAuto" />
			<param name="widgetTarget" value="videos" />
			<param name="widgetPath" value="plugin://plugin.video.fenlight/?mode=build_tvshow_list&amp;action=trakt_watchlist&amp;category_name=TV+Shows+Watchlist&amp;iconImage=https%3A%2F%2Fi.imgur.com%2FsGq3ifV.png&amp;reload=$INFO[Window(Home).Property(widgetreload-episodes)]" />
			<param name="widgetStyle" value="widget_layout_default" />
			<param name="widgetSortBy" value="" />
			<param name="widgetSortOrder" value="" />
			<param name="widgetLimit" value="$INFO[Skin.String(WidgetsGlobalLimit)]" />
			<param name="widgetInfoPanel" value="top" />
			</include>
		<include content="widget_header_multi" condition="false">
			<param name="widgetid" value="2570" />
			<param name="submenuid" value="num-10000" />
			<param name="widgetName" value="" />
			</include>
		<include content="widget_base" condition="false">
			<param name="containerType" value="panel" />
			<param name="contentStyle" value="normal" />
			<param name="widgetid" value="2570" />
			<param name="widgetName" value="" />
			<param name="submenuid" value="num-10000" />
			<param name="widgetTags" value="WidgetTagOverlayAuto" />
			<param name="widgetTarget" value="" />
			<param name="widgetPath" value="" />
			<param name="widgetStyle" value="widget_layout_default" />
			<param name="widgetSortBy" value="" />
			<param name="widgetSortOrder" value="" />
			<param name="widgetLimit" value="$INFO[Skin.String(WidgetsGlobalLimit)]" />
			<param name="widgetInfoPanel" value="top" />
			</include>
		<include content="widget_header_multi" condition="false">
			<param name="widgetid" value="2580" />
			<param name="submenuid" value="num-10000" />
			<param name="widgetName" value="" />
			</include>
		<include content="widget_base" condition="false">
			<param name="containerType" value="panel" />
			<param name="contentStyle" value="normal" />
			<param name="widgetid" value="2580" />
			<param name="widgetName" value="" />
			<param name="submenuid" value="num-10000" />
			<param name="widgetTags" value="WidgetTagOverlayAuto" />
			<param name="widgetTarget" value="" />
			<param name="widgetPath" value="" />
			<param name="widgetStyle" value="widget_layout_default" />
			<param name="widgetSortBy" value="" />
			<param name="widgetSortOrder" value="" />
			<param name="widgetLimit" value="$INFO[Skin.String(WidgetsGlobalLimit)]" />
			<param name="widgetInfoPanel" value="top" />
			</include>
		<include content="widget_header_multi" condition="false">
			<param name="widgetid" value="2590" />
			<param name="submenuid" value="num-10000" />
			<param name="widgetName" value="" />
			</include>
		<include content="widget_base" condition="false">
			<param name="containerType" value="panel" />
			<param name="contentStyle" value="normal" />
			<param name="widgetid" value="2590" />
			<param name="widgetName" value="" />
			<param name="submenuid" value="num-10000" />
			<param name="widgetTags" value="WidgetTagOverlayAuto" />
			<param name="widgetTarget" value="" />
			<param name="widgetPath" value="" />
			<param name="widgetStyle" value="widget_layout_default" />
			<param name="widgetSortBy" value="" />
			<param name="widgetSortOrder" value="" />
			<param name="widgetLimit" value="$INFO[Skin.String(WidgetsGlobalLimit)]" />
			<param name="widgetInfoPanel" value="top" />
			</include>
		<include content="widget_header_multi" condition="false">
			<param name="widgetid" value="2600" />
			<param name="submenuid" value="num-10000" />
			<param name="widgetName" value="" />
			</include>
		<include content="widget_base" condition="false">
			<param name="containerType" value="panel" />
			<param name="contentStyle" value="normal" />
			<param name="widgetid" value="2600" />
			<param name="widgetName" value="" />
			<param name="submenuid" value="num-10000" />
			<param name="widgetTags" value="WidgetTagOverlayAuto" />
			<param name="widgetTarget" value="" />
			<param name="widgetPath" value="" />
			<param name="widgetStyle" value="widget_layout_default" />
			<param name="widgetSortBy" value="" />
			<param name="widgetSortOrder" value="" />
			<param name="widgetLimit" value="$INFO[Skin.String(WidgetsGlobalLimit)]" />
			<param name="widgetInfoPanel" value="top" />
			</include>
		</include>
	</includes>
