<?xml version="1.0" encoding="UTF-8"?>
<includes>
  <include name="View_510_PanelSquareDetails">	
    <control type="group">
      <visible>Control.IsVisible(510)</visible>
      <include>animation_view_change</include>	  
      <include>MovieDetailsLeft</include>	  
      <control type="panel" id="510">
        <animation effect="slide" end="-630" time="0" condition="Skin.HasSetting(View510_ShowInfoRight)">Conditional</animation>
        <viewtype label="31437">icons</viewtype>
          <include content="View_Forced">
              <param name="viewtype" value="$LOCALIZE[31437]" />
          </include>
        <right>41</right>
        <bottom>159</bottom>
        <height>714</height>
        <width>1200</width>
        <orientation>vertical</orientation>
        <onleft>9000</onleft>
		<onback>CancelAlarm(preview_delay,silent)</onback>
		<onback condition="!Player.HasAudio + $EXP[IsPlayingUnrecognizedContent] + [String.IsEqual(ListItem.DBType,movie) | String.IsEqual(ListItem.DBType,tvshow)] + Skin.HasSetting(View510_DetailsAutoTrailer)">PlayerControl(Stop)</onback>
        <onback>ClearProperty(HideNowPlaying)</onback>
		<onright condition="Skin.HasSetting(EnableQuickJump)">6000</onright>
        <onright condition="!Skin.HasSetting(EnableQuickJump)">60</onright>
        <onup>510</onup>
        <ondown>510</ondown>
        <preloaditems>4</preloaditems>
        <pagecontrol>60</pagecontrol>
		<scrolltime tween="quadratic">400</scrolltime>
          <itemlayout height="238" width="238">
            <control type="group">
                <width>238</width>
                <height>238</height>
                <include>SquarePosterPanelLayout</include>
            </control>
        </itemlayout>
        <focusedlayout height="238" width="238">
		  <control type="group">
                <width>238</width>
                <height>238</height>
                <include>SquarePosterPanelLayoutFocus</include>
              <include>LibraryAutoTrailerStopButton</include>
						<include content="LibraryAutoTrailerStartButton" condition="Skin.HasSetting(View510_DetailsAutoTrailer)">
							<param name="interval" value="$INFO[Skin.String(details_auto_trailer_interval)]" />
						</include>
				<control type="button">
					<visible>false</visible>	
					<onfocus>AlarmClock(SetList,ClearProperty(ListAnimation,home),00:00,silent)</onfocus>
					<onfocus>AlarmClock(SetList,SetProperty(ListAnimation,1,home),00:00,silent)</onfocus>					
				</control>
            </control>
        </focusedlayout>
      </control> 
		<!--vertical Scollbar-->
		<control type="scrollbar" id="60">
			<visible>Control.IsVisible(510) + Integer.IsGreater(Container.NumItems,0)</visible>
			<right>15</right>
			<bottom>167</bottom>
			<height>698</height>
			<onup>60</onup>
			<ondown>6000</ondown>
			<onleft>510</onleft>
			<animation effect="fade" start="0" end="100" time="400" condition="[Control.HasFocus(60) | Container.Scrolling | String.IsEqual(Skin.String(scrollbar_visibility),always_show)] + !Control.IsVisible(6002)">Conditional</animation>
			<animation effect="fade" start="100" end="0" time="400" condition="![Control.HasFocus(60) | Container.Scrolling | String.IsEqual(Skin.String(scrollbar_visibility),always_show)] | Control.IsVisible(6002)">Conditional</animation>
		</control>	  
    </control>		
  </include>
</includes>
