<?xml version="1.0" encoding="utf-8"?>
<includes>
    <include name="View_54_Panel">	
		<!-- panel no info -->
        <control type="group">
            <visible>Control.IsVisible(54)</visible>
            <include>animation_view_change</include>			
			
			<control type="panel" id="54">
                <posx>50</posx>
                <bottom>130</bottom>
                <height>768</height>
                <width>1860</width>
                <onup>54</onup>
                <ondown>54</ondown>
                <onleft>9000</onleft>
                <onright condition="Skin.HasSetting(EnableQuickJump)">6000</onright>
                <onright condition="!Skin.HasSetting(EnableQuickJump)">60</onright>
                <pagecontrol>60</pagecontrol>
                <viewtype label="31134">icons</viewtype>
                <include content="View_Forced">
                    <param name="viewtype" value="$LOCALIZE[31134]" />
                </include>
               <scrolltime tween="quadratic">400</scrolltime>
                <orientation>vertical</orientation>
                <preloaditems>2</preloaditems>
                <!-- itemlayout movies -->
                <itemlayout height="256" width="182">
                    <control type="group">
                        <width>182</width>
                        <height>256</height>
                        <include>SmallPosterPanelLayout</include>
				  <control type="group">
					<!--Watched Overlay-->
					<right>8</right>
					<top>8</top>
					<include>WatchedIndicatorSmall</include>
				  </control>
                      </control>
                </itemlayout>
                <!-- focussed layout movies -->
                <focusedlayout height="256" width="182">
                    <control type="group">
                        <width>182</width>
                        <height>256</height>
                        <include>SmallPosterPanelLayoutFocus</include>
						  <control type="group">
							<!--Watched Overlay-->
							<right>8</right>
							<top>8</top>
							<include>WatchedIndicatorSmall</include>
						  </control>
                    </control>
					<include>LibraryAutoTrailerStopButton</include>
                </focusedlayout>
			</control>
		
			<!--vertical Scollbar-->
			<control type="scrollbar" id="60">
				<visible>Control.IsVisible(54) + Integer.IsGreater(Container.NumItems,0)</visible>
				<right>7</right>
				<bottom>138</bottom>
				<height>752</height>
				<onup>60</onup>
				<ondown>6000</ondown>
				<onleft>54</onleft>
				<animation effect="fade" start="0" end="100" time="400" condition="[Control.HasFocus(60) | Container.Scrolling | String.IsEqual(Skin.String(scrollbar_visibility),always_show)] + !Control.IsVisible(6002)">Conditional</animation>
				<animation effect="fade" start="100" end="0" time="400" condition="![Control.HasFocus(60) | Container.Scrolling | String.IsEqual(Skin.String(scrollbar_visibility),always_show)] | Control.IsVisible(6002)">Conditional</animation>
			</control>
		</control>
    </include>
</includes>