<?xml version="1.0" encoding="utf-8"?>
<addon id="skin.bingie.fen.light.mod" version="1.2.9" name="Nedflix" provider-name="matke/deta">
	<requires>
		<import version="5.17.0" addon="xbmc.gui"/>
		<import addon="script.bingie.helper" version="1.1.2"/>
		<import addon="script.bingie.toolbox" version="1.0.0"/>
		<import addon="script.bingie.widgets" version="1.0.1"/>
		<import addon="script.skinshortcuts" version="2.0.3"/>
		<import addon="resource.images.studios.coloured" version="0.0.23" />
		<import addon="plugin.video.themoviedb.helper" version="6.0.9" />
		<import addon="script.wikipedia" version="0.0.6" />
		<import addon="plugin.program.autocompletion" version="2.1.3" />
	</requires>
	<extension debugging="false" defaultthemename="Textures.xbt" effectslowdown="1" point="xbmc.gui.skin">
        <res aspect="16:9" default="true" folder="1080i" height="1080" width="1920" />
    </extension>
	<extension point="xbmc.addon.metadata">
		<summary lang="en_GB">Kodi skin with a Netflix style layout designed to work with Fen Light</summary>
		<summary lang="zh_CN">Netflix布局Kodi皮肤。</summary>
		<description lang="en_GB">Kodiddly!</description>
		<description lang="zh_CN">Bingie -你最喜欢的电影和节目的家！</description>
		<platform>all</platform>
		<license>GPL v2.0</license>
		<forum></forum>
		<source></source>
		<assets>
			<icon>icon.png</icon>
			<fanart>fanart.jpg</fanart>			
		</assets>
	</extension>
</addon>
