<addon id="script.bingie.manage.widgets.fen.light" version="1.3.2" name="Bingie Manage Widgets (Fen Light)" provider-name="ChatGPDeta">
    <requires>
        <import addon="xbmc.python" version="3.0.0"/>
    </requires>
    <extension point="xbmc.python.script" library="default.py">
        <provides>executable</provides>
    </extension>
    <extension point="xbmc.addon.metadata">
        <summary>Manage Bingie Widgets</summary>
        <description>An addon to help manage widgets within the Bingie skin more easily.</description>
        <platform>all</platform>
        <assets>
            <icon>icon.png</icon>            
        </assets>
    </extension>
</addon>