<?xml version="1.0" encoding="utf-8"?><shortcuts>
	<shortcut>
		<defaultID/>
		<label>&lt;None&gt;</label>
		<label2>Custom item</label2>
		<icon>DefaultShortcut.png</icon>
		<thumb/>
		<action>ActivateWindow(Videos,&quot;plugin://plugin.video.fenlight/?mode=navigator.search_history&amp;action=movie&amp;name=Search+History+Movies&amp;iconImage=https%3A%2F%2Fi.imgur.com%2Fu8jgyN3.png&quot;,return)</action>
		</shortcut>
	<shortcut>
		<defaultID/>
		<label>&lt;None&gt;</label>
		<label2>Custom item</label2>
		<icon>DefaultShortcut.png</icon>
		<thumb/>
		<action>ActivateWindow(Videos,&quot;plugin://plugin.video.fenlight/?mode=navigator.search_history&amp;action=tvshow&amp;name=Search+History+TV+Shows&amp;iconImage=https%3A%2F%2Fi.imgur.com%2FxYTdX3O.png&quot;,return)</action>
		</shortcut>
	</shortcuts>