<views>
    <view id="Simple List" value="10" languageid="31567" type="!all" excludefromdisable="true"/>
	<view id="List" value="50" languageid="535" type="all" excludefromdisable="true"/>
	<view id="List Details" value="51" languageid="31444" type="all,!images,!favourites" />
	<view id="Bingie Main Poster" value="526" languageid="31027" type="movies,tvshows,seasons,sets,actors" />
    <view id="Bingie Main Landscape" value="523" languageid="31018" type="movies,tvshows,seasons,episodes,sets,musicvideos" />
	<view id="Bingie Main Square" value="528" languageid="31122" type="songs,artists,albums" />	
	<view id="Bingie Seasons" value="527" languageid="31095" type="seasons" />	
    <view id="Bingie Episodes" value="525" languageid="31318" type="episodes" />
    <view id="Panel" value="54" languageid="31134" type="movies,tvshows,seasons,sets,actors" />
    <view id="Panel details" value="53" languageid="31422" type="movies,tvshows,seasons,sets,actors" />
    <view id="Big Panel" value="57" languageid="31426" type="movies,tvshows,seasons,sets,actors" />
    <view id="Horizontal Panel" value="52" languageid="31445" type="movies,tvshows,seasons,sets,actors" />
    <view id="Panel Square" value="509" languageid="31436" type="all,!favourites" />	
	<view id="Panel Square details" value="510" languageid="31437" type="all,!images,!favourites" />	
    <view id="Thumbs" value="511" languageid="31438" type="movies,tvshows,seasons,episodes,sets,musicvideos,images" />
	<view id="Thumbs details" value="512" languageid="31439" type="movies,tvshows,seasons,episodes,sets,musicvideos" />
    <view id="Landscape" value="501" languageid="31430" type="movies,tvshows,seasons,episodes,sets,musicvideos,images" />
	<view id="Landscape Single Row" value="502" languageid="31431" type="movies,tvshows,seasons,episodes,sets,musicvideos" />
    <view id="Banner list" value="55" languageid="31424" type="movies,tvshows,seasons,sets" />
    <view id="Banner Plex" value="56" languageid="31425" type="movies,tvshows,seasons,sets" />
    <view id="Poster Row" value="513" languageid="31440" type="movies,tvshows,seasons,sets,actors" />	
	<view id="Poster Shift" value="514" languageid="31441" type="movies,tvshows,seasons,sets,actors" />
	<view id="Showcase" value="524" languageid="31429" type="movies,tvshows,seasons,sets,actors" />
	<view id="Logos" value="503" languageid="31461" type="movies,tvshows,musicvideos" />
	<view id="FanArt" value="507" languageid="20445" type="movies,tvshows,seasons,sets,musicvideos,images" />
</views>