<?xml version="1.0" encoding="UTF-8" standalone="yes"?>
<addon id="repository.nedflix" name="Nedflix Repository" version="1.0.0" provider-name="Deta">
    <extension point="xbmc.addon.repository" name="Example Repository">
        <dir>
            <info compressed="false">https://raw.githubusercontent.com/thisisdeta/nedflix/master/repo/zips/addons.xml</info>
            <checksum>https://raw.githubusercontent.com/thisisdeta/nedflix/master/repo/zips/addons.xml.md5</checksum>
            <datadir zip="true">https://raw.githubusercontent.com/thisisdeta/nedflix/master/repo/zips/</datadir>
        </dir>
    </extension>
    <extension point="xbmc.addon.metadata">
        <summary>Nedflix Repository</summary>
        <description>A repo for the Nedflix skin and other tools.</description>
        <disclaimer></disclaimer>
        <platform>all</platform>
        <assets>
            <icon>icon.png</icon>
            <fanart>fanart.jpg</fanart>
        </assets>
    </extension>
</addon>
